index,key,time_ns,steps
0,670488,2708,1
1,116740,2583,4
2,26226,1334,6
3,777573,750,3
4,288390,667,6
5,256788,375,7
6,234054,458,9
7,146317,375,10
8,772247,416,6
9,107474,3583,26
10,709571,1125,8
11,776647,917,7
12,935519,2500,8
13,571859,2167,12
14,91162,4125,25
15,619177,666,9
16,442418,500,11
17,33327,584,10
18,31245,1458,15
19,98247,3666,20
20,229259,500,10
21,243963,541,9
22,529904,2542,25
23,631263,625,12
24,27825,541,11
25,588509,625,8
26,208497,1125,16
27,750801,1375,13
28,681454,1000,14
29,735393,1875,21
30,571413,916,14
31,439899,1875,27
32,231149,875,16
33,471030,750,13
34,617890,792,13
35,291705,1542,26
36,848750,625,9
37,911528,625,9
38,6815,1625,28
39,795668,958,15
40,844963,4625,37
41,167415,833,10
42,732053,750,13
43,443144,750,15
44,356779,708,13
45,291370,1917,29
46,163033,667,13
47,225773,1834,29
48,800582,708,11
49,352945,750,12
50,107176,666,12
51,97252,958,18
52,398383,709,16
53,101415,959,17
54,376418,958,21
55,888663,667,10
56,360664,875,21
57,633053,750,13
58,277371,2292,35
59,846336,916,12
60,45562,3500,44
61,765180,1750,25
62,481742,958,17
63,562276,875,16
64,130890,750,13
65,967097,1000,12
66,396923,1667,30
67,82628,792,14
68,578857,750,13
69,307420,709,14
70,869694,875,18
71,659177,875,17
72,648565,2041,31
73,928464,3541,38
74,903566,708,12
75,379202,750,15
76,605398,708,12
77,201630,791,16
78,738798,708,13
79,72934,1000,20
80,48051,1708,30
81,693385,750,13
82,238969,750,14
83,810621,791,13
84,303446,1000,20
85,83668,666,16
86,896866,875,16
87,244099,708,12
88,908574,875,13
89,105908,708,15
90,398592,917,16
91,291477,1750,27
92,475436,917,16
93,666564,875,20
94,874629,1667,28
95,382555,1584,29
96,170556,3083,45
97,388163,708,13
98,372529,667,10
99,219685,750,12
100,702730,916,17
101,279947,791,14
102,735912,1000,18
103,982154,708,8
104,716752,1750,31
105,679515,1000,21
106,74871,792,13
107,638721,2208,33
108,665823,792,16
109,179452,917,20
110,560087,709,15
111,764545,750,14
112,256703,709,11
113,171340,1625,30
114,484715,959,21
115,397888,958,14
116,283061,917,17
117,970343,750,11
118,671089,1000,16
119,721591,917,18
120,584005,958,20
121,230284,709,15
122,717871,2000,34
123,340036,708,11
124,883795,709,12
125,805636,1541,28
126,813695,750,11
127,58656,4208,42
128,240175,1041,21
129,861723,666,13
130,33660,709,16
131,844152,2916,37
132,330777,1666,27
133,420652,792,14
134,280747,1667,28
135,69404,917,15
136,221232,709,13
137,957493,958,17
138,988713,1583,22
139,594732,2166,31
140,918939,750,11
141,752788,792,14
142,329964,834,13
143,222956,959,16
144,687278,958,19
145,523482,1000,22
146,414851,2000,33
147,927658,958,14
148,958973,750,13
149,674080,2125,36
150,481142,3041,42
151,149812,791,15
152,277747,750,15
153,146414,1000,19
154,258608,1000,21
155,781178,834,12
156,588638,792,11
157,565159,875,14
158,275505,917,21
159,783301,750,13
160,612983,750,15
161,449246,750,16
162,941436,1000,19
163,611879,958,20
164,418802,750,12
165,379581,834,16
166,229975,2000,36
167,145052,1958,37
168,534278,750,12
169,517489,1000,20
170,95326,833,16
171,792496,958,16
172,49406,2875,42
173,902932,708,11
174,114976,958,18
175,160266,750,16
176,657925,1000,22
177,167754,1041,17
178,830556,833,16
179,713537,750,12
180,442667,750,10
181,625381,1833,32
182,66614,833,16
183,403458,959,18
184,400157,1875,32
185,624835,917,18
186,490786,4333,56
187,554817,917,16
188,263627,1125,23
189,580100,1083,23
190,902593,1709,26
191,988211,875,12
192,12039,1125,23
193,713329,1042,18
194,755732,2042,36
195,120117,1750,28
196,714826,833,17
197,927768,875,10
198,563055,875,19
199,787353,917,16
200,279787,1167,19
201,805935,833,15
202,672098,958,16
203,356700,875,18
204,116971,792,19
205,307758,1125,18
206,455885,1083,23
207,165841,1083,22
208,475764,958,20
209,3403,1750,34
210,757169,875,14
211,918399,791,15
212,754640,1166,20
213,276184,2000,37
214,524903,1125,23
215,798976,1125,22
216,187331,833,17
217,532343,2791,32
218,956960,3125,40
219,111580,875,18
220,912805,1042,21
221,655675,875,17
222,312943,1042,18
223,882555,834,17
224,669988,875,16
225,532324,875,17
226,638552,1791,27
227,208574,1083,24
228,160264,834,17
229,392078,1083,20
230,799551,1709,32
231,169397,2125,33
232,565580,1959,36
233,999817,792,9
234,816450,875,15
235,967243,833,14
236,556117,875,16
237,963111,1250,20
238,600,875,20
239,628039,750,14
240,339903,1000,25
241,512341,833,17
242,20423,959,19
243,117302,1041,23
244,974231,958,15
245,380613,916,24
246,921407,1583,28
247,872065,750,13
248,845965,750,14
249,322452,1041,18
250,251084,958,24
251,60739,1000,23
252,252573,3583,46
253,920660,792,13
254,594917,792,19
255,992949,1500,25
256,82583,791,18
257,89815,750,15
258,767461,833,18
259,509598,2750,44
260,855663,833,18
261,72575,1042,21
262,797550,1000,17
263,558583,791,17
264,803036,1791,32
265,131870,1875,33
266,134629,917,19
267,691799,2625,46
268,498370,875,18
269,992843,834,14
270,576511,833,17
271,173149,1000,24
272,277933,791,13
273,553307,958,24
274,914813,1042,21
275,636060,834,16
276,443693,1625,31
277,222087,959,21
278,974037,792,16
279,565493,792,17
280,791953,1000,20
281,765389,1666,33
282,723379,792,13
283,210923,1833,38
284,747582,1000,18
285,326859,1625,27
286,418374,792,18
287,704315,750,14
288,681447,1042,18
289,391560,3583,57
290,459382,875,16
291,943314,958,18
292,542718,709,14
293,473418,917,17
294,126883,875,16
295,259948,833,18
296,235613,875,20
297,67137,2916,51
298,354509,1583,31
299,22057,1584,35
300,616887,958,18
301,580829,1625,26
302,241293,1041,20
303,617025,958,18
304,230915,833,18
305,7541,959,22
306,74442,792,19
307,742226,1666,30
308,661760,916,18
309,61734,833,19
310,240063,1042,23
311,70675,959,18
312,949402,1583,27
313,32939,791,20
314,901394,1875,32
315,346480,875,19
316,74300,1167,24
317,539132,1959,34
318,249566,4041,58
319,292005,958,16
320,701475,1208,22
321,508994,1042,20
322,224644,917,19
323,565428,875,15
324,138740,1167,22
325,758491,1083,20
326,980958,1125,18
327,925246,917,16
328,598783,1750,28
329,604202,875,18
330,495632,1083,23
331,254802,1042,20
332,822734,875,16
333,495949,1041,23
334,846722,834,14
335,426834,1000,18
336,199660,1209,21
337,98908,1167,21
338,101640,1958,29
339,690994,2208,39
340,451990,1750,33
341,371508,1000,16
342,444155,916,19
343,431072,1041,19
344,489711,1666,28
345,905799,875,17
346,764492,2834,41
347,56803,1000,19
348,706074,875,17
349,685198,1166,19
350,677569,2083,38
351,103199,958,19
352,63557,2959,47
353,422180,1125,22
354,763588,875,19
355,355785,1166,25
356,839483,916,14
357,903530,916,15
358,114577,958,16
359,260736,917,19
360,200897,1084,21
361,199449,1833,33
362,562337,1167,22
363,470406,875,17
364,146992,875,17
365,442375,3583,46
366,192402,875,18
367,292076,1125,19
368,485101,875,18
369,261942,917,19
370,916965,1125,22
371,968115,917,14
372,79047,1208,20
373,464657,750,19
374,847273,1833,27
375,903190,1125,20
376,897547,2750,41
377,577058,875,14
378,102665,1125,24
379,53046,1083,19
380,683824,959,19
381,566848,1125,23
382,876639,875,18
383,15475,1791,36
384,97794,1791,34
385,971367,1708,26
386,790171,916,17
387,889922,1041,17
388,247862,875,18
389,174390,1083,19
390,426157,1167,20
391,509232,917,14
392,504741,875,18
393,224131,1875,34
394,906652,1125,21
395,420522,1708,33
396,946280,958,14
397,61484,875,21
398,172635,2041,36
399,397383,875,16
400,2261,1166,26
401,409387,1083,21
402,278086,875,14
403,971525,875,16
404,822158,1041,23
405,823268,1083,21
406,477111,917,18
407,299106,1125,19
408,443556,834,17
409,730430,958,15
410,765991,917,17
411,821415,2125,38
412,582766,875,13
413,694023,916,14
414,753306,916,19
415,510312,1125,24
416,162317,1791,34
417,199123,917,18
418,311121,1125,21
419,228276,916,21
420,61325,1125,26
421,607315,1167,22
422,771477,917,16
423,568533,2000,36
424,63919,1791,30
425,784310,875,14
426,328839,833,17
427,59943,1167,19
428,52579,1167,25
429,612555,1125,20
430,499949,1791,33
431,527277,1083,24
432,964048,959,17
433,894142,1083,23
434,556927,834,19
435,165081,875,16
436,59643,3166,48
437,532497,1041,20
438,84003,1833,30
439,892698,2209,37
440,194852,958,21
441,71850,875,18
442,623940,1083,24
443,71263,834,19
444,708012,1083,20
445,903683,916,12
446,246630,2166,38
447,423390,833,19
448,125711,2000,35
449,987336,1000,15
450,933534,1083,23
451,597348,3083,47
452,258176,1167,21
453,607041,959,17
454,623399,1750,35
455,41673,917,19
456,649469,1083,25
457,85966,917,18
458,439590,1083,19
459,689306,1125,19
460,612025,916,14
461,592684,958,16
462,548178,833,17
463,331738,2083,39
464,980111,1125,16
465,273433,1833,31
466,214182,917,19
467,702259,1083,24
468,750982,917,14
469,329446,1084,21
470,250281,916,20
471,278518,875,14
472,415012,2083,40
473,137236,1041,19
474,704319,1666,30
475,676857,1875,34
476,314570,3916,61
477,479435,2959,43
478,331536,958,16
479,974147,1875,28
480,788388,958,19
481,981189,875,13
482,76067,1000,16
483,9768,1167,26
484,480548,791,14
485,651333,1167,26
486,590342,1167,20
487,104838,959,19
488,76820,1125,19
489,563751,1208,25
490,223509,917,20
491,530459,4125,48
492,278083,917,18
493,138891,917,18
494,978594,1167,21
495,365963,875,14
496,923654,2834,46
497,72133,1708,31
498,921982,875,18
499,256151,1166,26
500,387478,875,18
501,298831,1750,28
502,165410,1166,18
503,459470,1083,23
504,874245,875,15
505,569606,1166,21
506,737716,959,17
507,317213,958,17
508,641391,1208,23
509,846306,917,17
510,685744,959,20
511,554635,875,18
512,8204,1791,36
513,700306,916,16
514,856796,833,14
515,581543,1000,16
516,313922,1083,23
517,977018,1083,22
518,695614,1167,21
519,108619,959,20
520,984540,791,16
521,920783,1792,27
522,140815,1125,21
523,277313,958,18
524,121036,792,15
525,932932,833,16
526,112236,1084,22
527,778481,1791,33
528,580098,1166,19
529,162999,1083,23
530,285578,1084,21
531,295443,916,19
532,634211,1166,23
533,220862,916,17
534,752471,833,16
535,359537,1042,18
536,213488,1167,24
537,720893,1250,24
538,665047,2084,34
539,894344,958,17
540,276808,2875,45
541,529960,916,19
542,512263,916,16
543,263320,1083,21
544,949315,917,13
545,952274,917,18
546,887205,1083,21
547,53267,875,19
548,96782,958,21
549,665096,959,19
550,444152,1083,20
551,869635,4000,61
552,290121,1875,34
553,46229,1166,21
554,3718,1083,23
555,349760,1042,21
556,808578,1166,23
557,137175,4166,55
558,668062,1166,18
559,274681,1791,33
560,169431,1000,21
561,777237,875,20
562,463299,1125,24
563,578479,1916,31
564,739946,2125,32
565,448463,1792,29
566,588154,1833,34
567,10140,1208,22
568,117309,1125,22
569,78899,1125,25
570,990958,958,15
571,926005,958,17
572,724587,959,16
573,947838,958,17
574,156295,1791,31
575,572093,916,19
576,37779,1083,24
577,875137,1000,19
578,387152,1208,23
579,610806,1125,21
580,579365,875,19
581,155288,1000,16
582,450665,958,18
583,133637,1125,19
584,43861,2084,37
585,323233,1083,17
586,382365,1750,36
587,942651,1791,34
588,978414,1834,31
589,834795,1000,19
590,902513,917,18
591,41833,958,17
592,942591,834,20
593,375191,1291,25
594,220282,2125,35
595,715199,1041,18
596,261651,1041,18
597,699331,2916,43
598,107787,1250,18
599,370859,1875,29
600,818012,2166,39
601,587081,1000,20
602,927083,917,17
603,917203,1042,17
604,426118,1000,16
605,650811,1958,34
606,785885,1000,20
607,162061,875,19
608,970734,1959,37
609,975051,791,17
610,248238,3708,49
611,906605,1125,24
612,170396,1000,23
613,838743,833,19
614,850156,959,21
615,185653,916,19
616,924232,1000,24
617,432323,917,14
618,25991,1042,21
619,188074,2708,43
620,772344,1917,31
621,969396,875,19
622,348322,875,21
623,820392,917,19
624,976032,1000,21
625,431713,834,17
626,841205,833,18
627,702449,834,19
628,906037,1625,28
629,770764,792,15
630,850133,1917,37
631,260223,1167,23
632,279767,792,14
633,166932,1167,25
634,825623,875,19
635,735344,875,19
636,113347,1625,30
637,401125,1041,22
638,914534,833,14
639,40606,2667,46
640,900301,1125,25
641,493555,875,15
642,233239,833,17
643,209268,791,15
644,856254,875,19
645,963067,875,15
646,482663,792,18
647,366644,875,18
648,320016,1625,31
649,860395,875,17
650,833981,3000,43
651,913649,916,17
652,238652,875,19
653,233753,875,17
654,24814,1250,22
655,692095,1000,19
656,202512,1125,23
657,417822,1958,32
658,344208,1000,17
659,292137,1125,24
660,906340,875,18
661,72793,916,20
662,810892,2041,33
663,292684,1750,33
664,368204,959,18
665,672643,916,21
666,534151,958,20
667,419094,917,19
668,712527,959,15
669,884643,958,19
670,562263,1250,21
671,347236,1250,26
672,984862,916,16
673,28942,1875,32
674,120945,1875,30
675,919642,2083,31
676,273904,1000,18
677,187242,875,16
678,608793,1250,23
679,278362,875,18
680,40116,916,19
681,113669,916,17
682,625551,3208,48
683,455674,1167,19
684,362480,1209,25
685,763935,958,18
686,824630,958,19
687,328915,2125,41
688,457593,1041,19
689,635657,916,17
690,536266,1875,33
691,121264,916,20
692,403907,1084,20
693,943200,1833,30
694,604597,1208,22
695,199313,833,20
696,267096,1166,24
697,46543,875,19
698,743216,2000,39
699,457240,875,20
700,1774,1958,40
701,545176,1000,21
702,970536,1208,21
703,845688,917,20
704,564608,2084,36
705,720222,2083,40
706,754378,1000,16
707,985938,958,16
708,777992,3291,51
709,772841,1000,13
710,703205,1125,21
711,206607,1791,33
712,381914,1250,25
713,452249,2042,35
714,73373,1166,22
715,994968,1792,28
716,696504,917,21
717,965499,1125,23
718,346240,1000,19
719,653426,958,19
720,329165,959,21
721,695613,2041,34
722,889209,958,15
723,130680,1042,20
724,754718,959,19
725,943768,958,16
726,314911,959,18
727,531757,1291,23
728,324309,958,16
729,699288,9417,17
730,428232,1542,23
731,342028,1209,21
732,421948,1500,19
733,731077,1208,19
734,310017,917,18
735,581344,959,18
736,133471,916,17
737,201159,958,20
738,440870,2375,39
739,697230,1209,22
740,986043,958,16
741,397563,916,18
742,710220,2250,35
743,784476,1000,17
744,946661,791,14
745,182481,1291,23
746,645415,958,16
747,596751,2334,36
748,315569,1166,21
749,425801,3250,49
750,574554,4166,59
751,874225,1000,15
752,426,1166,23
753,318636,1166,21
754,300851,958,20
755,220393,1042,20
756,450771,959,18
757,823928,1208,22
758,608159,1250,25
759,636131,916,16
760,686509,916,18
761,337903,1042,18
762,487576,1208,18
763,463247,1042,15
764,463639,1209,25
765,708447,1041,18
766,224083,1167,23
767,536005,3125,43
768,496172,1000,21
769,832292,1250,24
770,944957,1208,20
771,834693,1209,21
772,771712,1042,17
773,177935,2417,40
774,690856,1166,18
775,88915,1000,19
776,297572,958,17
777,540491,1250,26
778,696102,1166,20
779,663687,1000,15
780,649343,1875,28
781,351471,4250,57
782,97924,5250,70
783,858180,1291,22
784,998244,1041,15
785,787626,1041,20
786,246278,1041,17
787,705478,1375,26
788,325499,1916,34
789,235553,2000,30
790,845743,2000,35
791,208803,1084,22
792,154512,3083,47
793,25612,1042,22
794,48459,1000,19
795,256737,1042,22
796,498217,1916,38
797,640968,1083,20
798,891015,1958,35
799,805820,1125,20
800,76366,1000,20
801,477539,2292,37
802,434573,1042,18
803,929182,1000,18
804,660357,1042,21
805,603635,1125,19
806,203881,1333,23
807,753241,1334,22
808,730181,1375,26
809,402631,1958,33
810,518393,1333,28
811,419067,1291,26
812,255837,1000,20
813,154740,1041,23
814,687927,2375,37
815,721025,3000,47
816,5815,1041,23
817,936022,3083,47
818,787444,1083,21
819,902238,1041,18
820,807452,1291,21
821,928478,1291,24
822,111765,1083,22
823,816233,1292,26
824,445799,1167,18
825,229472,2292,38
826,184431,1084,24
827,843171,1916,30
828,729717,1042,19
829,543119,1334,28
830,487116,1208,16
831,52658,2250,40
832,584483,1458,27
833,261304,1958,33
834,962038,1292,20
835,889546,1292,20
836,127254,2000,38
837,478635,1042,18
838,139817,1042,22
839,840347,1000,17
840,487214,959,17
841,700006,1083,21
842,556933,1041,23
843,586076,1375,27
844,624378,1125,21
845,332712,1333,25
846,996189,959,16
847,791938,1125,20
848,934728,2000,34
849,464072,2250,41
850,642413,1208,21
851,854597,1042,16
852,754214,1292,20
853,935352,1083,18
854,529299,1333,23
855,447471,1083,20
856,870915,3334,36
857,950907,1250,21
858,574486,1000,21
859,467575,1083,20
860,940791,1125,18
861,166890,1334,27
862,779780,1333,27
863,903343,4500,61
864,497733,1125,24
865,471933,1125,22
866,271783,1333,24
867,788296,1250,22
868,259250,1041,22
869,880661,2125,37
870,668637,1333,21
871,290783,1125,20
872,803014,1958,30
873,815452,1000,17
874,546623,1333,26
875,508137,1125,24
876,657194,3125,45
877,250868,1166,19
878,287937,1375,27
879,461240,2250,25
880,81248,2208,35
881,748207,1292,23
882,299608,2042,35
883,245885,1292,22
884,284914,1875,33
885,352162,1083,19
886,335240,1292,25
887,936407,1042,18
888,566391,1959,37
889,84492,1375,29
890,145096,1042,19
891,158158,1292,24
892,242496,959,17
893,401642,1125,19
894,727660,1250,23
895,160228,1291,24
896,740735,958,19
897,224346,1084,19
898,67349,1083,18
899,435021,1042,19
900,427399,1042,21
901,346955,2375,35
902,568970,1083,24
903,488558,3208,48
904,435971,1250,22
905,65291,1375,26
906,216882,1125,22
907,873350,1166,17
908,440553,1375,25
909,408397,1167,21
910,948792,958,16
911,807190,1000,19
912,612452,1250,22
913,992018,1084,16
914,729309,1208,23
915,20481,1042,21
916,898349,1083,18
917,923436,1250,22
918,802785,1125,22
919,603656,2000,32
920,398859,3166,50
921,500150,2375,44
922,6183,1333,26
923,988537,2334,37
924,368846,1875,34
925,313119,1167,19
926,790076,1875,35
927,408931,1084,20
928,894906,3042,48
929,934954,1250,22
930,999745,1042,15
931,876326,1084,20
932,439376,2041,38
933,564366,1125,19
934,783827,1166,24
935,770320,1833,31
936,572662,958,22
937,838723,1167,25
938,632557,1167,20
939,941424,1667,30
940,231252,1042,21
941,511946,1042,20
942,230081,958,20
943,286194,917,21
944,457008,1750,35
945,509233,1166,28
946,30435,1083,23
947,407747,958,22
948,352458,1209,23
949,701365,2125,37
950,712132,2709,47
951,836913,1167,26
952,423957,1000,18
953,759360,1125,25
954,173062,1709,29
955,881335,958,22
956,490095,959,18
957,964210,1666,35
958,133828,1041,21
959,652484,1000,20
960,560070,1667,35
961,28277,2750,44
962,950984,1792,32
963,413161,1208,21
964,620645,2125,43
965,591808,1042,21
966,695206,916,16
967,28419,1041,19
968,88026,2792,36
969,673972,1250,26
970,449434,1250,28
971,142292,1709,35
972,908960,958,19
973,484126,917,22
974,190557,1083,22
975,52728,917,17
976,272794,1750,33
977,397520,958,22
978,343255,1041,21
979,221942,2833,47
980,476787,1167,22
981,342723,1167,25
982,353895,1084,24
983,798208,916,21
984,922370,1125,23
985,397543,1125,25
986,291774,916,19
987,788540,875,20
988,997410,916,17
989,872336,875,18
990,442043,1083,22
991,264526,1084,22
992,875468,2000,34
993,85885,1166,24
994,493153,958,19
995,20325,1042,22
996,785409,3042,49
997,565622,1125,23
998,54616,1084,21
999,998161,1333,21
1000,366961,1125,22
1001,235114,1041,22
1002,681726,1291,24
1003,71952,2291,38
1004,819183,1958,31
1005,683415,1917,33
1006,42214,1167,21
1007,790871,1000,17
1008,32538,1083,22
1009,995741,1250,19
1010,259296,1333,26
1011,209045,1084,21
1012,879996,1166,22
1013,21370,1375,22
1014,651518,1333,24
1015,159785,1375,24
1016,250133,3041,48
1017,132353,1250,28
1018,496565,3417,56
1019,701979,1084,21
1020,119947,1125,20
1021,591365,1375,26
1022,993796,123750,45
1023,228553,1334,21
1024,487624,1458,27
1025,733443,1167,17
1026,268691,1459,24
1027,804151,2125,32
1028,386815,1333,22
1029,175940,1125,23
1030,635325,1334,27
1031,636746,1291,22
1032,784257,1333,23
1033,753253,1959,33
1034,120097,2250,37
1035,815574,1042,21
1036,859100,1041,16
1037,171721,1125,20
1038,326148,1166,25
1039,113350,1041,24
1040,606795,2041,37
1041,26926,1084,24
1042,974009,1042,18
1043,327111,1250,27
1044,603767,1083,19
1045,710251,1084,20
1046,952135,1042,16
1047,393538,2250,35
1048,415923,1042,21
1049,987204,2000,31
1050,749748,1209,24
1051,207964,2250,35
1052,79689,1083,20
1053,620860,1167,21
1054,724162,1959,36
1055,870918,1291,24
1056,657712,1334,24
1057,254647,1083,19
1058,106852,1042,23
1059,731060,959,17
1060,810005,1000,21
1061,316233,1291,22
1062,891598,1166,19
1063,717498,1125,17
1064,629578,1333,29
1065,844658,1042,17
1066,126936,1333,28
1067,834905,2292,40
1068,593424,4333,57
1069,820653,1041,19
1070,43065,1083,21
1071,364070,1500,29
1072,558624,1083,21
1073,449187,2334,45
1074,693656,1000,19
1075,388572,1083,20
1076,72307,1083,22
1077,530539,1084,21
1078,678999,1333,22
1079,357807,1125,25
1080,13267,1958,33
1081,890845,1333,25
1082,440464,1083,21
1083,862277,5209,60
1084,514014,1041,21
1085,110666,1959,38
1086,454583,1042,21
1087,379782,1125,21
1088,666460,1375,23
1089,934885,1042,18
1090,868963,1000,19
1091,482072,1041,19
1092,741667,2458,38
1093,160423,1042,21
1094,456642,1083,23
1095,184693,1334,28
1096,769441,1333,20
1097,547092,1292,24
1098,682055,1209,21
1099,283202,1125,18
1100,645831,1125,20
1101,847459,1000,17
1102,964290,1000,19
1103,564316,1084,21
1104,812271,1417,24
1105,506984,1083,22
1106,487456,2083,39
1107,456733,1083,23
1108,865846,1209,23
1109,766537,1917,32
1110,621255,2333,38
1111,281434,1916,34
1112,337961,4541,66
1113,893086,1292,19
1114,257421,1292,25
1115,871085,1250,22
1116,980023,1458,26
1117,90873,1208,25
1118,292478,1375,27
1119,924458,2000,35
1120,472701,1250,28
1121,255710,1000,24
1122,786932,1292,23
1123,487283,1084,24
1124,597531,1000,21
1125,639980,1291,26
1126,700647,1208,19
1127,397400,1917,38
1128,352738,1333,20
1129,30095,2041,40
1130,518318,959,19
1131,892289,2291,36
1132,340803,1041,20
1133,190673,1250,25
1134,511234,1333,22
1135,222424,1042,21
1136,372061,1167,20
1137,836588,1083,20
1138,270903,1333,25
1139,356872,2000,37
1140,293244,3375,51
1141,923083,1083,19
1142,625114,3167,50
1143,735245,1042,17
1144,922860,1167,23
1145,289689,1084,18
1146,582790,1333,25
1147,10645,1125,21
1148,541723,1791,32
1149,994116,1125,17
1150,200338,1334,23
1151,89772,1416,31
1152,253081,1208,23
1153,755054,1125,20
1154,426171,2334,43
1155,512312,1917,38
1156,582145,1250,28
1157,794994,1042,18
1158,251998,1917,36
1159,724157,1083,23
1160,499220,1042,21
1161,677279,2333,38
1162,746421,1083,21
1163,514664,1000,20
1164,469946,1250,26
1165,831451,1916,35
1166,18081,1125,23
1167,97574,1083,23
1168,308529,1083,20
1169,232361,1375,24
1170,424046,1250,25
1171,725392,2125,38
1172,255124,1083,20
1173,321081,1917,37
1174,696213,1917,30
1175,609806,1083,21
1176,386946,1334,26
1177,496250,1125,21
1178,580359,1958,36
1179,556712,1292,21
1180,360456,1042,18
1181,446174,1333,25
1182,782170,2041,36
1183,577125,1000,20
1184,346860,1208,26
1185,368901,1959,41
1186,736997,1000,17
1187,475787,2084,43
1188,284077,1000,22
1189,321518,959,22
1190,263616,1792,35
1191,241737,1750,34
1192,126517,1042,23
1193,756322,917,19
1194,201940,4875,73
1195,330877,1125,24
1196,125363,1250,28
1197,778968,1208,23
1198,561895,1041,23
1199,997068,1083,19
1200,799214,917,19
1201,723689,959,23
1202,194144,1166,22
1203,200846,1000,22
1204,226896,1250,26
1205,774484,958,16
1206,507720,2792,34
1207,289931,917,19
1208,759783,1250,27
1209,618227,1084,22
1210,797136,1167,28
1211,550122,958,19
1212,625781,1000,23
1213,296746,958,22
1214,105410,1334,30
1215,873075,1041,21
1216,203548,1000,18
1217,310637,1791,30
1218,238534,1125,23
1219,378412,959,19
1220,188159,1792,37
1221,316951,1167,22
1222,14836,1333,28
1223,742412,1375,28
1224,560082,1875,32
1225,132732,1291,28
1226,287637,1250,28
1227,47727,1041,21
1228,57175,1000,20
1229,580239,1125,23
1230,306328,1041,21
1231,731296,1083,23
1232,989950,1125,19
1233,132414,1291,28
1234,668855,3166,48
1235,910648,1375,24
1236,789360,1083,24
1237,514724,1250,23
1238,107571,1334,30
1239,915113,1125,22
1240,12862,1333,29
1241,601950,1084,20
1242,298152,1333,24
1243,492199,1125,18
1244,501969,1334,20
1245,461866,1125,23
1246,357257,1333,28
1247,193320,1042,22
1248,53873,1292,28
1249,264743,1083,20
1250,986777,1333,20
1251,903583,1042,22
1252,500936,3292,43
1253,119630,1083,19
1254,862051,1834,36
1255,68518,1250,22
1256,420173,2000,35
1257,515634,1375,29
1258,77681,1375,27
1259,605051,1125,23
1260,660022,1375,26
1261,719797,1458,29
1262,56214,1250,25
1263,159098,1250,25
1264,156446,2166,42
1265,850545,1083,20
1266,590181,1125,23
1267,995231,2041,29
1268,318595,1291,21
1269,89319,3375,57
1270,260248,1333,24
1271,124206,2250,43
1272,585182,1250,29
1273,801578,1125,22
1274,436391,1333,28
1275,635771,1917,36
1276,625085,1083,22
1277,829152,1166,23
1278,648459,1250,23
1279,236651,1916,33
1280,813374,3333,48
1281,547958,1292,25
1282,398856,1083,22
1283,472399,1375,26
1284,952636,1041,21
1285,464227,2208,42
1286,311798,1083,19
1287,901951,1125,21
1288,617114,1083,19
1289,449661,3250,45
1290,320215,1583,29
1291,596252,1459,20
1292,651195,2375,35
1293,63157,2792,38
1294,639245,2917,18
1295,776040,1375,17
1296,104054,1209,19
1297,993621,1041,19
1298,799788,1375,29
1299,217882,1709,24
1300,655901,1291,18
1301,221276,2584,32
1302,277502,1542,20
1303,692510,1416,20
1304,85132,1667,28
1305,164687,1750,29
1306,251517,1250,22
1307,182257,2375,38
1308,578806,1375,22
1309,78712,1333,27
1310,164137,1375,30
1311,2806,4250,60
1312,428362,1209,22
1313,472388,1125,18
1314,722859,2458,37
1315,622657,1167,22
1316,492739,2333,34
1317,305408,1916,36
1318,34226,1125,20
1319,242721,1042,21
1320,302100,1042,17
1321,741297,1125,18
1322,296452,1333,28
1323,737136,1084,19
1324,901363,1042,16
1325,476087,1291,23
1326,74638,1375,29
1327,720776,1125,23
1328,244763,1291,21
1329,968791,1125,20
1330,277406,1375,25
1331,826098,1416,28
1332,829684,3417,35
1333,655421,1375,24
1334,618440,2084,36
1335,693301,1291,24
1336,842957,1084,18
1337,979023,2292,41
1338,207429,1250,21
1339,445791,1292,25
1340,120352,2166,34
1341,571016,2000,34
1342,235730,1208,19
1343,679095,1125,18
1344,156227,1334,20
1345,952539,1416,26
1346,278536,2000,30
1347,866786,1208,23
1348,149146,1292,21
1349,74879,1333,28
1350,62536,1125,21
1351,173983,1125,25
1352,831132,1167,23
1353,322555,2375,37
1354,623949,1125,19
1355,785340,1167,20
1356,864279,1042,19
1357,596857,1375,29
1358,965941,3084,46
1359,302631,2083,31
1360,460486,1208,16
1361,130395,1250,20
1362,491466,1208,22
1363,722132,1209,24
1364,318863,3208,42
1365,733724,1375,24
1366,422061,1250,22
1367,988468,1292,22
1368,285471,1250,24
1369,524784,1125,23
1370,566212,1417,25
1371,517782,2250,40
1372,459024,2083,34
1373,84350,2042,39
1374,627087,1333,27
1375,41798,1958,38
1376,932628,1917,31
1377,453015,1083,20
1378,770215,1250,20
1379,337979,1459,29
1380,633040,1083,21
1381,262530,2500,38
1382,27122,1500,27
1383,95764,1125,22
1384,240045,1167,19
1385,707054,1209,22
1386,876567,1375,28
1387,902318,1334,23
1388,603140,2083,39
1389,615644,1084,22
1390,996972,1125,16
1391,21754,2042,33
1392,801910,1541,25
1393,704939,1250,29
1394,861323,2209,42
1395,282603,2000,34
1396,604239,1083,23
1397,42186,1125,22
1398,800178,2333,42
1399,793006,3416,54
1400,183701,1167,23
1401,493356,1125,22
1402,544174,8584,24
1403,683158,6708,26
1404,463712,1583,22
1405,960572,1125,21
1406,291669,1083,23
1407,190306,1333,22
1408,613763,1333,27
1409,457059,1209,22
1410,665621,2791,38
1411,853798,2292,38
1412,515612,1125,24
1413,95675,1375,26
1414,492842,1250,19
1415,364864,1375,24
1416,428185,1458,28
1417,349500,1292,22
1418,336654,3209,49
1419,702686,1583,24
1420,109681,2167,33
1421,899399,1375,25
1422,168638,1084,20
1423,345825,1333,25
1424,431642,1917,32
1425,727370,1208,24
1426,519537,1084,22
1427,302219,1166,21
1428,694770,1375,19
1429,991108,1250,17
1430,419905,40125,23
1431,853086,1333,20
1432,797442,1208,22
1433,576819,1209,17
1434,38480,1208,21
1435,476920,1667,22
1436,92338,1500,29
1437,329796,1709,28
1438,264660,1292,21
1439,338978,1208,22
1440,121553,1208,24
1441,810076,1125,23
1442,423809,1125,23
1443,906925,1125,20
1444,539594,1375,25
1445,864999,1208,22
1446,1207,1250,22
1447,689607,2250,35
1448,911598,3166,32
1449,568951,1459,27
1450,484418,1542,26
1451,433322,22250,20
1452,56838,18792,53
1453,196695,21250,49
1454,543624,4084,48
1455,379354,1541,22
1456,652879,1500,27
1457,793189,1458,20
1458,522708,1334,26
1459,655789,1208,21
1460,463514,3417,47
1461,796908,1333,28
1462,54119,2667,38
1463,213447,1583,28
1464,280029,1250,23
1465,575899,1125,21
1466,137378,3333,46
1467,972736,1292,21
1468,302021,1000,23
1469,459399,1334,20
1470,923635,1458,27
1471,732169,1500,27
1472,508258,1291,16
1473,127325,1333,25
1474,30272,1334,23
1475,660627,1166,19
1476,638449,1625,26
1477,838142,1167,21
1478,250922,3417,51
1479,744262,1417,25
1480,166072,2416,36
1481,325846,1291,23
1482,577597,2416,39
1483,14339,1583,27
1484,579078,1000,16
1485,427810,1291,24
1486,97737,1333,21
1487,235616,2292,39
1488,882278,1125,23
1489,957277,2292,37
1490,118973,1209,20
1491,483864,1083,18
1492,993066,1959,34
1493,123173,2000,38
1494,679173,1458,21
1495,872566,1375,26
1496,161451,1333,27
1497,522585,1334,26
1498,977958,1333,22
1499,751414,1417,28
1500,306040,7250,22
1501,533591,2083,36
1502,739678,4750,66
1503,286707,1417,28
1504,435674,37042,21
1505,875272,5334,19
1506,505938,1375,17
1507,495159,1250,21
1508,255571,1333,20
1509,478976,1167,22
1510,578044,1167,18
1511,151669,2208,28
1512,402220,2125,28
1513,199870,1541,28
1514,966649,1250,22
1515,628493,8666,34
1516,532930,1834,23
1517,782545,4875,39
1518,922041,3083,40
1519,143140,1625,24
1520,905998,1667,24
1521,73202,2791,39
1522,289667,1375,24
1523,810209,1416,27
1524,828382,1375,20
1525,895917,2334,33
1526,435099,1166,22
1527,356386,2209,34
1528,979631,1416,23
1529,825982,2500,40
1530,532402,1375,29
1531,280151,1375,26
1532,860409,1250,22
1533,2690,1166,24
1534,296579,1209,22
1535,761320,2625,40
1536,313059,1250,17
1537,878158,4666,52
1538,615449,1375,27
1539,608094,3833,56
1540,691999,1250,23
1541,513426,6083,63
1542,907292,1542,22
1543,155814,2042,32
1544,468239,1209,18
1545,564743,1166,23
1546,507869,1167,20
1547,361889,1542,27
1548,348589,2500,39
1549,578728,1125,23
1550,799930,1166,22
1551,569828,2250,38
1552,395534,1084,16
1553,477464,2042,32
1554,978167,1958,30
1555,337409,1167,21
1556,911844,1208,21
1557,197817,1167,19
1558,731381,2042,31
1559,250406,1375,23
1560,599574,1416,23
1561,401575,1416,23
1562,244908,1416,21
1563,897595,1166,20
1564,813218,1459,28
1565,430729,2583,37
1566,45768,1292,22
1567,333633,4750,56
1568,780880,1250,23
1569,495952,1541,27
1570,739486,1166,19
1571,957801,1083,20
1572,850824,1417,25
1573,399750,4584,64
1574,404833,1041,18
1575,695929,1500,23
1576,830885,1166,21
1577,860617,1375,26
1578,683692,1333,27
1579,159494,1167,18
1580,519390,1417,27
1581,38818,1125,23
1582,132379,1333,23
1583,526691,2000,36
1584,618850,1209,19
1585,348122,1166,23
1586,911947,1084,21
1587,105240,1167,23
1588,916656,3291,46
1589,886089,1084,17
1590,461695,1166,23
1591,104556,1208,20
1592,551500,1125,18
1593,954668,1208,20
1594,479124,1125,21
1595,16094,1500,30
1596,757538,16833,22
1597,151158,1292,24
1598,429894,1292,23
1599,913240,1250,17
1600,686588,1125,20
1601,161860,4500,41
1602,78464,1750,29
1603,492297,3417,39
1604,819489,1250,22
1605,277897,1209,17
1606,355008,1250,22
1607,653535,2541,41
1608,726354,1500,28
1609,416792,2250,35
1610,681404,2625,35
1611,84217,1208,25
1612,893141,1125,17
1613,344526,2208,39
1614,893745,1125,18
1615,707116,4125,46
1616,901086,1084,20
1617,559544,1291,19
1618,398469,1375,24
1619,332044,1125,25
1620,657247,1084,23
1621,753630,2166,37
1622,930547,1166,18
1623,796291,1416,26
1624,511651,1209,16
1625,914760,1125,21
1626,567297,1125,23
1627,37643,2083,33
1628,647454,1375,28
1629,71745,1333,27
1630,246175,1125,24
1631,661821,1291,23
1632,717645,1250,23
1633,965665,1125,19
1634,301339,2167,39
1635,238537,1167,20
1636,783042,1125,23
1637,94770,1375,29
1638,455053,1167,19
1639,103226,1417,26
1640,797306,3375,44
1641,664533,1125,23
1642,738084,1334,25
1643,914966,1291,23
1644,105390,1333,27
1645,465231,1209,22
1646,174447,2208,36
1647,727713,2416,38
1648,314013,1250,23
1649,947309,1458,25
1650,30354,1417,27
1651,48226,1125,19
1652,340132,1125,24
1653,834817,1250,20
1654,58846,1250,21
1655,307619,1042,19
1656,375877,1333,26
1657,393050,1083,21
1658,451608,1125,18
1659,152641,5750,73
1660,256060,1250,23
1661,556969,1416,27
1662,432068,1084,21
1663,593419,3417,52
1664,714920,1125,19
1665,831017,1375,24
1666,188804,1208,20
1667,178241,1167,23
1668,183574,1125,22
1669,82805,2166,33
1670,639099,3500,53
1671,913142,2084,32
1672,401127,1167,22
1673,649814,1416,29
1674,716319,2083,37
1675,252529,1125,25
1676,521842,1375,25
1677,957171,3541,48
1678,611485,1084,22
1679,150070,1125,22
1680,243468,3875,56
1681,483551,1417,22
1682,668892,1292,22
1683,266315,1125,22
1684,481895,2250,40
1685,267730,1292,23
1686,699234,1083,16
1687,9854,1416,25
1688,942574,1167,19
1689,843719,1167,21
1690,487854,1083,21
1691,944987,3791,30
1692,301604,1250,24
1693,710527,1250,22
1694,573150,1166,21
1695,165650,1166,20
1696,77450,1333,23
1697,463188,1417,26
1698,991152,2125,30
1699,362352,2042,35
1700,616114,2709,24
1701,313686,1417,29
1702,669976,1292,25
1703,444921,1292,27
1704,723847,1416,21
1705,262247,1166,19
1706,479028,1125,22
1707,886366,1166,18
1708,316798,1375,26
1709,208895,1417,24
1710,403381,1125,24
1711,894788,1083,21
1712,506681,2334,33
1713,111835,1500,29
1714,248729,1958,39
1715,399890,1125,21
1716,599705,2000,38
1717,376396,2333,38
1718,602734,1125,21
1719,310245,1208,22
1720,733248,1125,18
1721,309572,1416,28
1722,23006,1333,25
1723,870358,1125,19
1724,690204,1166,22
1725,415033,1125,22
1726,287814,1416,30
1727,8492,1375,28
1728,593420,1125,23
1729,907089,1458,23
1730,719113,1125,17
1731,816119,1125,23
1732,780842,2166,37
1733,51427,1167,22
1734,954852,1084,16
1735,635864,1333,24
1736,781370,1084,23
1737,520857,2083,37
1738,873295,1292,25
1739,948076,1083,19
1740,946796,1041,18
1741,300097,1125,20
1742,813424,2041,35
1743,837666,1083,21
1744,241297,1125,20
1745,636554,1334,27
1746,840887,1250,24
1747,369436,1333,22
1748,229643,2208,39
1749,667543,1167,22
1750,199368,1125,21
1751,651052,2167,36
1752,262802,2000,39
1753,710688,1166,22
1754,792281,2125,36
1755,755949,1166,23
1756,804752,1125,21
1757,691202,2333,36
1758,713929,1167,21
1759,879061,1208,18
1760,143424,1416,25
1761,658766,2000,35
1762,101884,3458,50
1763,947288,1416,21
1764,657938,1125,20
1765,677738,1166,21
1766,41338,1041,19
1767,323940,1416,22
1768,826919,2333,40
1769,462237,2334,40
1770,34986,1166,24
1771,607728,1083,23
1772,382585,1417,23
1773,767935,1542,28
1774,137796,1375,28
1775,94512,2083,38
1776,953814,7209,71
1777,309446,1458,29
1778,342590,1417,24
1779,783791,1209,23
1780,435687,1375,23
1781,184172,1125,21
1782,210549,2083,31
1783,138580,2125,38
1784,824719,1417,24
1785,565611,1500,29
1786,919036,1542,26
1787,383630,1333,23
1788,556640,1375,24
1789,526170,1292,23
1790,957861,1167,21
1791,285766,2458,41
1792,870814,1209,21
1793,172538,1167,21
1794,269453,1125,22
1795,958450,1000,21
1796,864750,2375,43
1797,990053,1166,18
1798,505255,1083,19
1799,845665,1209,22
1800,309479,2416,42
1801,782825,1416,25
1802,912678,1167,18
1803,355169,1417,24
1804,843299,3292,50
1805,120765,1125,22
1806,491082,1041,21
1807,78958,1583,24
1808,147595,1084,19
1809,790786,1166,20
1810,236575,1417,27
1811,901923,1083,18
1812,709177,1250,24
1813,759397,1416,26
1814,707167,3500,45
1815,416717,1333,24
1816,886828,1334,22
1817,843672,1208,21
1818,584385,1084,22
1819,383543,4541,60
1820,94690,1125,22
1821,829091,1208,24
1822,413742,2292,37
1823,14595,2375,41
1824,277305,1125,23
1825,562637,1208,21
1826,129593,1042,19
1827,476878,1166,21
1828,386491,1125,21
1829,705512,1291,24
1830,785396,1125,18
1831,705001,1500,30
1832,274897,1375,21
1833,612956,1166,23
1834,399535,3375,50
1835,862368,1291,25
1836,669568,1458,26
1837,985968,1083,19
1838,389519,1083,16
1839,113610,1084,25
1840,707618,4500,62
1841,245181,1166,22
1842,494380,1125,21
1843,26241,1167,21
1844,649642,1208,25
1845,927188,1083,18
1846,988985,1334,24
1847,588679,2291,39
1848,343940,1208,25
1849,959716,1375,23
1850,639718,1375,25
1851,232121,1167,21
1852,679113,1417,21
1853,66288,1125,18
1854,666270,2416,43
1855,863875,1459,29
1856,486820,1375,23
1857,953563,1042,18
1858,735133,1250,23
1859,316870,1458,24
1860,680777,1250,22
1861,428130,1250,22
1862,122344,1167,24
1863,146567,1416,25
1864,47550,1125,25
1865,992228,1041,14
1866,39020,1125,24
1867,319150,3208,31
1868,516555,1250,24
1869,121762,1416,29
1870,101914,1166,23
1871,246206,1166,25
1872,930359,1375,22
1873,563659,1209,26
1874,142255,1125,22
1875,407525,1375,23
1876,475680,3334,46
1877,389034,1125,19
1878,703056,1500,29
1879,995498,1125,15
1880,779239,3333,53
1881,730317,1167,22
1882,991926,1125,18
1883,566433,3708,51
1884,439487,2417,39
1885,615871,2167,37
1886,778326,1417,25
1887,761895,2250,37
1888,162030,1208,21
1889,928424,2084,36
1890,435038,1083,22
1891,686736,1167,22
1892,103832,1208,22
1893,874191,4875,64
1894,513118,1292,25
1895,645559,1167,18
1896,427941,2042,36
1897,984669,1292,18
1898,997743,1000,16
1899,293329,3458,46
1900,34306,4500,65
1901,723812,1417,21
1902,388529,2083,35
1903,227824,1458,30
1904,464921,1334,27
1905,466298,1250,25
1906,996730,1041,16
1907,247583,1333,25
1908,897005,2375,37
1909,380304,1292,25
1910,104181,1166,21
1911,718988,1208,19
1912,385179,1334,26
1913,570914,1333,25
1914,945498,1417,27
1915,676150,1333,26
1916,376097,1209,19
1917,63492,1416,29
1918,417480,1292,28
1919,289283,1208,22
1920,199029,1084,18
1921,128094,1166,22
1922,995110,1250,21
1923,889228,1208,19
1924,864227,2167,36
1925,476806,1250,25
1926,96127,1167,18
1927,694964,1125,19
1928,222410,1291,21
1929,672876,1375,23
1930,670557,1375,29
1931,626153,1125,23
1932,22395,1333,26
1933,53036,1166,25
1934,825014,2166,39
1935,349710,1167,23
1936,255401,1167,23
1937,132041,1042,20
1938,825207,1208,24
1939,592003,1167,25
1940,215174,2042,36
1941,71943,1292,25
1942,870128,1167,23
1943,802326,1125,23
1944,581129,1125,25
1945,217221,1083,25
1946,614868,1084,24
1947,226442,3208,39
1948,852548,2333,38
1949,911942,1375,24
1950,244317,1416,32
1951,344520,1375,27
1952,811985,1458,24
1953,154722,1125,21
1954,826953,1166,23
1955,944276,1291,23
1956,624933,2083,37
1957,2974,3292,51
1958,290744,2042,37
1959,900105,1250,17
1960,151717,1375,22
1961,136307,1417,27
1962,566457,1209,25
1963,262830,1208,24
1964,837303,1417,27
1965,182974,1500,28
1966,115267,3167,47
1967,693170,1208,22
1968,908537,2250,40
1969,27033,2166,38
1970,138206,2291,41
1971,15583,1167,24
1972,375645,2000,35
1973,828359,1416,26
1974,826731,1292,29
1975,249490,1209,24
1976,617458,1416,30
1977,339499,1166,23
1978,16548,1375,25
1979,182711,1375,28
1980,278259,1416,22
1981,54945,1125,21
1982,132916,1958,35
1983,777748,1958,37
1984,441410,3375,56
1985,551641,2083,36
1986,119170,1125,19
1987,781887,1167,23
1988,66646,2167,45
1989,499381,1125,17
1990,470051,1166,22
1991,815810,1166,22
1992,379626,1416,28
1993,538170,2583,38
1994,622504,1167,24
1995,114352,1167,23
1996,473963,1084,18
1997,528314,1333,27
1998,232312,1459,23
1999,991341,2125,33
2000,644987,2083,34
2001,45472,2042,38
2002,762570,1208,19
2003,821274,1458,24
2004,952896,1292,23
2005,909096,1167,22
2006,690910,1167,19
2007,546782,1250,22
2008,316283,1250,21
2009,480293,1334,22
2010,674592,3625,55
2011,32664,1458,29
2012,63781,1417,29
2013,502249,1125,17
2014,888457,2083,36
2015,421127,1417,28
2016,446981,1375,22
2017,719426,1333,20
2018,113207,2042,36
2019,514085,1250,27
2020,747007,3208,53
2021,953891,1166,19
2022,465109,2125,38
2023,77061,2083,33
2024,942950,1917,31
2025,84715,1375,26
2026,337759,1250,23
2027,637847,1458,27
2028,155540,1250,23
2029,68873,1208,26
2030,132322,1458,24
2031,288376,1209,24
2032,654645,1208,18
2033,663830,1416,30
2034,613800,1417,30
2035,574994,1334,25
2036,746747,1209,25
2037,340982,2166,37
2038,399408,1125,23
2039,626411,1292,26
2040,556330,1125,24
2041,309223,1125,24
2042,475756,1084,21
2043,530109,1500,26
2044,634837,1083,17
2045,451097,1375,25
2046,103997,2209,37
2047,831622,1208,22
2048,735870,1209,24
2049,119972,1250,24
2050,894218,1166,23
2051,686517,2208,39
2052,682536,1292,24
2053,920342,1333,24
2054,806316,1500,27
2055,578117,3250,35
2056,755856,1250,25
2057,907535,1083,21
2058,225469,1292,22
2059,450962,2084,36
2060,473490,1917,33
2061,931231,1208,20
2062,239593,1209,22
2063,433915,4375,60
2064,355396,2083,32
2065,867612,1291,23
2066,475529,1125,20
2067,418099,1417,27
2068,436197,1084,23
2069,765055,1291,21
2070,99705,1166,23
2071,327731,1500,29
2072,447495,1375,28
2073,327705,104291,46
2074,697417,1250,20
2075,267272,1083,23
2076,392484,1042,17
2077,999915,958,12
2078,160054,1000,23
2079,720185,1916,37
2080,967820,1291,22
2081,497306,1208,22
2082,70395,1292,28
2083,95657,959,23
2084,872177,1042,19
2085,89512,1042,24
2086,97759,2166,40
2087,452856,958,18
2088,101256,917,22
2089,780759,1084,23
2090,774684,1333,24
2091,390749,1291,25
2092,851202,1125,25
2093,136436,958,21
2094,583398,2084,39
2095,62895,1250,27
2096,614954,1375,29
2097,588867,1083,25
2098,588968,2125,42
2099,345659,2083,38
2100,702560,1833,32
2101,128169,2000,40
2102,430765,1250,25
2103,370775,1250,24
2104,916044,2042,41
2105,697661,2167,37
2106,986847,2750,43
2107,786731,1083,23
2108,443482,959,19
2109,910261,1292,26
2110,960332,1167,23
2111,756087,1250,27
2112,53946,1250,24
2113,301602,1291,28
2114,629576,1208,28
2115,327627,1083,24
2116,368728,1000,21
2117,108634,1041,20
2118,605992,1000,22
2119,532061,1041,22
2120,223073,1041,22
2121,162247,1166,22
2122,688638,1083,23
2123,505613,1000,20
2124,235138,1333,29
2125,888433,1042,22
2126,113476,1084,24
2127,367122,3166,27
2128,886439,1125,19
2129,583287,1041,24
2130,385416,1791,35
2131,120466,1000,26
2132,799650,1833,39
2133,292100,959,25
2134,601988,1250,27
2135,237145,1209,26
2136,846433,1208,27
2137,449957,2125,41
2138,886210,1792,35
2139,588216,1083,22
2140,804712,1250,28
2141,858183,958,23
2142,651925,1000,21
2143,643379,1042,20
2144,707765,1000,22
2145,673919,1208,24
2146,583784,1125,26
2147,27530,1084,21
2148,638578,2083,43
2149,974216,1167,20
2150,689787,1167,23
2151,869753,1000,24
2152,727158,1000,20
2153,280440,4167,67
2154,30360,1833,36
2155,189180,2083,37
2156,286545,1084,24
2157,736834,1250,26
2158,799445,1042,17
2159,323994,1167,25
2160,966303,1250,26
2161,356332,1041,19
2162,368075,1875,38
2163,6403,959,22
2164,190218,1042,21
2165,912118,875,17
2166,150211,1709,35
2167,593831,1167,23
2168,689276,1291,28
2169,420253,958,17
2170,72966,1000,24
2171,148767,1125,22
2172,776963,1166,26
2173,663929,1208,30
2174,32147,1041,24
2175,96215,4000,45
2176,782355,1208,24
2177,556252,1000,25
2178,225584,1166,25
2179,394469,1000,19
2180,440227,958,19
2181,475683,1166,21
2182,357456,1041,19
2183,165056,1250,28
2184,388029,958,19
2185,326776,1000,22
2186,756649,1791,34
2187,340141,1083,22
2188,814572,1250,29
2189,987138,958,19
2190,595165,1042,24
2191,625186,1083,22
2192,89084,1833,33
2193,926252,1250,25
2194,55165,1875,34
2195,163138,1000,17
2196,165057,1916,40
2197,791084,1083,25
2198,647851,8459,77
2199,52180,1250,27
2200,706708,1041,24
2201,85545,958,25
2202,285321,1042,23
2203,464638,1417,26
2204,694094,1208,25
2205,444612,1084,20
2206,509254,1041,20
2207,636566,1334,27
2208,463517,2083,40
2209,434304,1042,23
2210,286437,1792,39
2211,226041,1250,30
2212,791616,1292,27
2213,537235,1042,22
2214,119347,1042,20
2215,361940,1083,24
2216,450798,1041,24
2217,116277,1000,24
2218,297006,1000,21
2219,711164,1000,21
2220,711445,959,21
2221,621947,1250,29
2222,510272,1166,21
2223,552531,1083,25
2224,699540,1292,29
2225,323402,1959,38
2226,47624,1083,20
2227,231231,2958,51
2228,414464,1042,23
2229,628438,1875,39
2230,57444,2041,42
2231,8061,1000,23
2232,214354,1083,23
2233,316062,1209,28
2234,991245,958,18
2235,221495,1250,30
2236,804625,1250,29
2237,143902,1208,28
2238,801281,1000,24
2239,267932,1084,21
2240,303508,1917,33
2241,344062,1000,21
2242,125813,1291,27
2243,8106,1083,23
2244,521547,1084,21
2245,783302,1042,23
2246,451575,1250,25
2247,184230,1042,23
2248,135462,1000,23
2249,398677,1916,34
2250,558454,2166,40
2251,737853,1250,29
2252,241289,1875,36
2253,524564,3959,67
2254,585865,1250,25
2255,873836,1083,22
2256,700500,2042,38
2257,845363,1042,22
2258,371372,1125,22
2259,75577,1084,24
2260,416360,1875,39
2261,903626,2708,50
2262,778087,1041,24
2263,44358,1041,23
2264,457410,1291,26
2265,19652,1000,25
2266,482088,1208,22
2267,965909,1250,20
2268,81645,1208,25
2269,903988,1000,19
2270,328268,1333,24
2271,603728,1041,21
2272,450138,2833,49
2273,601254,1250,28
2274,424069,1125,23
2275,743964,1958,36
2276,671238,1833,36
2277,437984,1166,27
2278,303579,958,20
2279,120769,3250,55
2280,424708,1291,29
2281,21870,1208,29
2282,340545,1125,25
2283,180223,1209,25
2284,840248,1917,36
2285,993646,1250,21
2286,648152,1125,21
2287,482447,1041,21
2288,872443,1042,23
2289,723109,1042,22
2290,964449,1791,35
2291,379431,1125,23
2292,92411,1042,23
2293,457926,1750,33
2294,885507,1042,22
2295,111006,1000,19
2296,255136,1833,38
2297,456840,1041,17
2298,617477,3917,52
2299,419903,1083,24
2300,549415,1042,21
2301,82468,1292,25
2302,414992,1250,25
2303,912812,1000,22
2304,325347,1042,23
2305,782034,1334,25
2306,356006,1208,23
2307,232336,1083,20
2308,349248,1250,28
2309,816965,2959,49
2310,176300,2875,46
2311,80090,1292,29
2312,535281,1125,21
2313,663985,1291,28
2314,119566,2125,35
2315,556380,1375,28
2316,534724,1167,26
2317,203323,1000,24
2318,949929,1791,36
2319,813935,1291,30
2320,366347,1333,27
2321,368155,1208,26
2322,762713,1125,19
2323,858730,1250,26
2324,676797,1083,16
2325,854629,958,24
2326,154865,1000,18
2327,247746,2167,39
2328,107799,2084,37
2329,153558,1125,20
2330,268403,1291,24
2331,206855,1041,25
2332,181927,1125,21
2333,631662,1042,23
2334,160296,1834,33
2335,797144,1042,22
2336,796029,1000,21
2337,687352,2084,38
2338,79014,1250,25
2339,185752,1084,22
2340,997503,1000,18
2341,810390,1875,37
2342,658453,1250,23
2343,518120,2125,40
2344,486491,2083,39
2345,791094,1375,27
2346,591120,1083,24
2347,796789,1792,33
2348,607617,2125,45
2349,470712,1166,22
2350,714221,1833,35
2351,969046,1208,23
2352,924895,1084,20
2353,591913,1167,24
2354,674226,1083,21
2355,666159,2166,40
2356,654859,959,19
2357,338909,2000,38
2358,906229,1042,21
2359,657686,1250,26
2360,331496,1250,24
2361,158291,1000,21
2362,461125,1125,19
2363,71604,1125,26
2364,491700,1250,25
2365,463689,1125,24
2366,662056,1208,26
2367,317531,1250,25
2368,835013,1250,25
2369,288017,1042,23
2370,620149,1042,21
2371,58901,1041,25
2372,369039,1250,26
2373,531982,1292,25
2374,77795,3000,49
2375,325487,1208,26
2376,484173,1042,22
2377,473867,2792,45
2378,39435,1084,20
2379,59654,1250,28
2380,386650,1000,20
2381,872098,2125,38
2382,301023,1083,23
2383,80459,1208,28
2384,675982,1333,23
2385,906232,1125,24
2386,896841,1084,22
2387,94683,1208,25
2388,644884,1000,17
2389,622938,1334,26
2390,531700,1250,28
2391,403160,1041,21
2392,485189,1833,31
2393,608520,1042,26
2394,581243,2834,52
2395,830282,1292,25
2396,774815,1333,23
2397,939395,1000,18
2398,43016,1209,24
2399,471580,1083,22
2400,953208,1041,20
2401,849154,1083,25
2402,599426,2084,40
2403,683502,2958,51
2404,197384,1791,34
2405,337146,1791,37
2406,634395,1084,22
2407,498734,2083,39
2408,525722,1125,22
2409,158190,5833,75
2410,64880,1250,27
2411,472408,1000,23
2412,108530,1041,23
2413,850361,2041,40
2414,942803,1125,24
2415,878054,2833,47
2416,360121,959,15
2417,749015,1083,19
2418,88426,1250,25
2419,529058,1125,21
2420,677514,1000,23
2421,180942,1000,23
2422,41044,1000,23
2423,259779,1917,37
2424,741996,1041,25
2425,459023,1000,24
2426,460768,1000,22
2427,549526,1875,34
2428,548142,1042,23
2429,639428,1042,23
2430,166458,1000,23
2431,381575,1292,26
2432,390964,1292,25
2433,962527,1083,22
2434,296636,1083,24
2435,406236,1875,36
2436,428626,1000,21
2437,812086,1208,24
2438,354804,1791,32
2439,711876,1291,24
2440,626929,1250,25
2441,54910,1042,21
2442,827565,1916,35
2443,661533,2291,43
2444,678749,1208,23
2445,350906,1167,23
2446,69114,1792,38
2447,345706,1083,22
2448,99097,1042,24
2449,585067,1959,36
2450,711333,2125,41
2451,405342,1125,22
2452,297950,2125,37
2453,264237,1958,38
2454,758890,1084,23
2455,892932,1333,27
2456,688458,1167,21
2457,950370,1083,21
2458,631978,1209,26
2459,915701,1000,23
2460,157678,1000,23
2461,349556,1292,27
2462,85462,2125,45
2463,611047,1291,25
2464,695848,1041,21
2465,148299,1208,25
2466,961279,1250,28
2467,366814,2833,53
2468,325302,1250,29
2469,687924,1250,27
2470,732410,1166,26
2471,694300,2041,40
2472,410998,1125,23
2473,135216,1208,26
2474,623946,1250,23
2475,743267,1291,24
2476,983567,1208,22
2477,88835,1041,23
2478,324621,2875,52
2479,586073,1041,24
2480,394977,2208,38
2481,674752,2959,48
2482,830118,1083,22
2483,344433,1209,22
2484,852687,1250,25
2485,134002,1792,34
2486,702668,1084,23
2487,736972,3000,52
2488,869227,1125,22
2489,993116,1209,25
2490,774662,2042,40
2491,718710,1291,27
2492,956772,1041,18
2493,551964,2167,45
2494,97993,1083,22
2495,677407,1292,28
2496,703025,1209,24
2497,443974,2000,38
2498,533189,1834,34
2499,379405,1750,37
2500,19117,1917,39
2501,380212,1083,22
2502,323870,1250,26
2503,189020,1000,24
2504,997374,1291,25
2505,224598,1750,36
2506,358333,1250,21
2507,993703,1750,32
2508,803374,4125,62
2509,509893,1750,31
2510,201333,1250,20
2511,237548,1375,24
2512,144248,1167,25
2513,162472,1208,28
2514,80914,1167,27
2515,310161,2000,23
2516,885448,1291,28
2517,826404,1083,24
2518,106054,1250,24
2519,532352,1084,25
2520,808321,1208,25
2521,565991,1125,22
2522,875687,1041,22
2523,774525,1041,21
2524,926608,1916,36
2525,552109,1041,25
2526,39582,2083,36
2527,694084,1042,23
2528,353124,1041,21
2529,918965,1041,21
2530,803532,916,23
2531,648053,1250,26
2532,137415,958,21
2533,626259,1333,28
2534,395020,1084,21
2535,161746,1041,21
2536,170129,1000,22
2537,189631,1333,26
2538,871729,1041,20
2539,726502,3333,41
2540,808555,1292,25
2541,655088,2209,38
2542,848344,1292,23
2543,946504,1292,25
2544,173581,1000,24
2545,756216,1250,21
2546,458934,1333,29
2547,45815,1291,28
2548,430817,1375,27
2549,381996,1417,30
2550,709218,1042,25
2551,754541,1167,23
2552,249069,1125,22
2553,465777,1084,22
2554,640256,1166,24
2555,298769,1125,22
2556,788940,1833,38
2557,784898,1042,22
2558,821875,1042,18
2559,470736,1834,38
2560,245370,1292,26
2561,559952,1083,22
2562,250787,1041,20
2563,324501,1250,28
2564,847904,1250,25
2565,822472,1292,28
2566,491799,3000,47
2567,947886,2167,38
2568,875680,1250,27
2569,203441,1875,36
2570,385710,2084,40
2571,711257,1083,22
2572,993138,1000,20
2573,598129,1041,22
2574,462000,1041,22
2575,484107,1041,24
2576,806815,1875,33
2577,295460,1083,22
2578,815923,1792,37
2579,400423,1125,23
2580,527336,2958,50
2581,553082,1250,27
2582,438998,1250,27
2583,169931,1250,27
2584,856573,1250,24
2585,209399,1041,22
2586,840182,1083,22
2587,634036,1791,38
2588,145122,1875,32
2589,915409,1917,38
2590,262148,1083,20
2591,54715,1291,26
2592,672325,1125,18
2593,503936,1042,16
2594,916579,1000,19
2595,389245,1000,21
2596,581479,958,20
2597,979678,1250,25
2598,107574,2125,38
2599,745958,1292,27
2600,886983,1208,24
2601,540971,1000,18
2602,892513,2042,37
2603,130735,958,19
2604,298911,1209,23
2605,87950,1250,30
2606,800186,1208,29
2607,168100,1000,22
2608,286043,1208,22
2609,471146,1042,21
2610,949283,1042,19
2611,538290,959,21
2612,154507,1166,23
2613,871416,1250,25
2614,458724,2208,44
2615,96169,1083,23
2616,992387,2125,38
2617,954734,1250,24
2618,232824,1125,24
2619,856376,2916,48
2620,473042,1000,22
2621,927602,1083,20
2622,366567,1333,24
2623,975671,2791,47
2624,27966,1083,23
2625,435051,1875,33
2626,55844,1083,23
2627,415713,1125,25
2628,526393,1000,26
2629,392128,1000,24
2630,247232,1250,23
2631,404925,1292,27
2632,85570,3042,55
2633,393125,1292,25
2634,235446,1792,37
2635,29557,1000,23
2636,334166,1083,19
2637,976042,1000,22
2638,103897,1041,22
2639,879941,958,15
2640,749422,1875,32
2641,681534,1084,23
2642,351578,1000,21
2643,829823,1166,24
2644,153144,1792,35
2645,144284,1000,20
2646,40164,3834,65
2647,300815,1250,20
2648,961960,2250,41
2649,870069,1083,22
2650,495405,1291,25
2651,729885,1333,26
2652,871483,1167,23
2653,145535,917,19
2654,795703,1000,21
2655,739809,2958,38
2656,491898,1042,23
2657,470393,959,19
2658,645240,1125,25
2659,5507,1250,29
2660,949861,1250,28
2661,83075,1000,18
2662,19928,1041,21
2663,268356,1084,21
2664,226131,1042,23
2665,875523,1833,31
2666,156783,1166,28
2667,575463,1250,26
2668,985899,1083,22
2669,762561,1291,26
2670,638458,1958,38
2671,553409,1292,31
2672,443815,1000,23
2673,116588,1041,22
2674,813876,1041,24
2675,302097,1041,23
2676,249184,1041,22
2677,315780,2125,43
2678,127768,1917,34
2679,50069,2000,44
2680,250022,3708,58
2681,440219,959,22
2682,669990,1333,24
2683,832464,2084,42
2684,653065,1083,25
2685,479319,2125,41
2686,65859,3666,46
2687,116243,1291,28
2688,877331,1083,17
2689,949116,2834,49
2690,524109,1250,31
2691,625727,1250,23
2692,562094,1041,21
2693,17234,1166,30
2694,662653,1000,23
2695,540411,958,22
2696,602981,1084,22
2697,253691,1125,19
2698,753449,1084,23
2699,150552,1250,25
2700,305421,1083,18
2701,450090,1125,22
2702,1641,1791,36
2703,644675,1291,23
2704,369955,1291,31
2705,252250,1208,28
2706,598385,1834,35
2707,436803,1833,40
2708,196413,1084,22
2709,696644,1083,21
2710,700675,1125,24
2711,89773,1000,25
2712,548914,1250,25
2713,378121,1083,21
2714,70967,1000,24
2715,999717,1000,18
2716,551614,1000,18
2717,570512,1334,29
2718,531972,1208,27
2719,824614,2041,34
2720,532281,1166,24
2721,581071,1250,29
2722,21323,1042,19
2723,409421,1084,24
2724,915755,1166,25
2725,492973,1041,23
2726,45650,1958,35
2727,666550,1000,21
2728,405675,2125,44
2729,391436,2875,49
2730,265972,1042,23
2731,783619,1875,37
2732,17032,2750,47
2733,374441,1125,25
2734,826824,1250,28
2735,70842,1250,29
2736,361552,1791,40
2737,252839,1791,34
2738,768545,1291,28
2739,689024,1875,32
2740,658776,2125,41
2741,108700,1083,18
2742,808978,958,19
2743,610170,1334,28
2744,770900,1083,23
2745,793436,1291,21
2746,348672,1291,23
2747,139891,1041,19
2748,46490,1083,25
2749,369413,1084,25
2750,572537,1083,23
2751,354993,1209,20
2752,853026,1250,28
2753,674021,1000,18
2754,183595,1833,35
2755,870721,1792,32
2756,816991,959,18
2757,717942,1333,28
2758,487193,1083,23
2759,729169,1042,20
2760,501777,1000,21
2761,662424,1291,28
2762,191133,1833,36
2763,850917,1750,36
2764,141404,1042,22
2765,66166,1042,23
2766,750828,1083,23
2767,813895,1291,28
2768,989442,1000,20
2769,479912,1167,25
2770,38781,1125,21
2771,307697,2959,36
2772,211384,2791,53
2773,45935,1083,23
2774,829539,1292,30
2775,209160,959,24
2776,928819,1042,19
2777,43942,1041,26
2778,330927,1250,25
2779,978711,1042,19
2780,325139,1833,35
2781,540419,1916,35
2782,417569,1041,24
2783,855016,1041,23
2784,569409,1041,23
2785,496396,1833,34
2786,265619,1291,28
2787,38400,1250,27
2788,789883,1166,21
2789,678325,1833,39
2790,200387,1250,27
2791,300010,2083,40
2792,374315,2125,44
2793,904018,1750,33
2794,818772,1000,24
2795,50127,1083,23
2796,907856,1166,25
2797,687585,1041,23
2798,348049,1000,19
2799,286489,1042,24
2800,130522,1042,22
2801,838172,1083,21
2802,385897,1125,24
2803,458177,1208,25
2804,932695,1375,22
2805,419454,1458,29
2806,779415,3084,51
2807,461098,1167,22
2808,938096,1333,23
2809,405427,1166,25
2810,355506,1417,22
2811,195893,1292,27
2812,520307,1250,24
2813,725687,1167,22
2814,521692,1125,21
2815,385192,1125,22
2816,969210,1417,23
2817,836021,1167,24
2818,544501,1416,29
2819,279677,1083,18
2820,840065,1417,27
2821,86625,1166,24
2822,762401,2459,42
2823,445121,1250,22
2824,82761,2041,34
2825,451525,1084,22
2826,631719,1375,26
2827,862288,1208,25
2828,189223,1167,23
2829,571972,2084,39
2830,308037,1167,25
2831,336815,1125,22
2832,107582,1208,23
2833,83959,1000,16
2834,343849,1125,18
2835,693025,1541,27
2836,310001,1083,20
2837,321385,2208,41
2838,467577,3166,51
2839,631895,1917,35
2840,752525,1167,24
2841,446816,1042,21
2842,174740,1458,25
2843,723271,1042,23
2844,465472,1125,22
2845,368624,1250,23
2846,468850,1083,20
2847,44413,2417,42
2848,762121,1084,23
2849,912301,2125,33
2850,955890,1958,34
2851,369686,3459,53
2852,644719,1458,23
2853,456069,1334,25
2854,287893,1416,29
2855,670533,2084,32
2856,829925,4750,53
2857,993950,1291,20
2858,60145,1250,25
2859,78687,1166,22
2860,703788,1166,22
2861,668481,1500,28
2862,425943,2084,36
2863,380960,1208,24
2864,538010,1166,23
2865,840011,1375,27
2866,786326,1083,22
2867,712414,1083,20
2868,167759,1417,28
2869,999073,2084,33
2870,32654,1333,23
2871,149716,2334,44
2872,889895,1167,17
2873,637087,1375,25
2874,711028,3500,55
2875,819265,2291,41
2876,459458,1125,23
2877,36490,1292,25
2878,132362,1250,27
2879,70500,2000,38
2880,247460,1042,23
2881,816333,1041,24
2882,676503,1041,18
2883,384124,1291,27
2884,379743,1291,26
2885,401452,1292,24
2886,995589,1000,15
2887,594800,1083,21
2888,33959,1792,33
2889,634488,1042,24
2890,160892,1292,28
2891,712049,1084,24
2892,471779,1042,23
2893,994914,1167,22
2894,388985,1250,26
2895,390085,3000,37
2896,465505,1250,25
2897,800153,1958,36
2898,80621,1000,22
2899,601801,1083,22
2900,144384,1250,23
2901,555179,1292,27
2902,384775,1833,37
2903,417369,1291,30
2904,329658,2166,40
2905,681114,1125,24
2906,292228,1250,27
2907,261737,1042,22
2908,118960,1042,22
2909,27173,1209,26
2910,771412,4041,63
2911,195086,1833,37
2912,523286,1084,24
2913,542896,1792,38
2914,405786,1250,27
2915,957919,1292,27
2916,588957,1209,26
2917,123482,1042,18
2918,274493,2833,47
2919,812610,1292,23
2920,272934,959,23
2921,738238,1083,20
2922,467952,1291,26
2923,224994,1000,23
2924,641600,1375,22
2925,299450,1083,23
2926,727692,3167,54
2927,960998,1084,23
2928,515061,1292,28
2929,209903,1209,25
2930,128595,1042,21
2931,142322,2000,37
2932,894254,1250,27
2933,77650,1083,22
2934,474002,1125,22
2935,181044,1042,23
2936,942334,1167,24
2937,748023,1041,20
2938,466733,1291,29
2939,92056,1250,24
2940,849885,1291,27
2941,715055,1041,23
2942,886594,1292,25
2943,335113,1167,22
2944,700281,1084,21
2945,364302,1125,23
2946,744008,959,23
2947,68094,1000,17
2948,576714,1333,29
2949,568508,2084,39
2950,304467,2958,47
2951,934630,1084,20
2952,314528,1250,27
2953,892718,1042,22
2954,165157,1125,25
2955,746386,1833,33
2956,744032,1041,23
2957,972371,1291,27
2958,734234,1042,22
2959,668677,1292,26
2960,182548,1083,24
2961,832251,1000,24
2962,379053,1291,30
2963,533470,1042,23
2964,235135,959,22
2965,127258,1041,22
2966,210744,2083,37
2967,830542,1042,20
2968,145623,1167,22
2969,248236,1834,32
2970,828767,1208,24
2971,518020,1208,25
2972,27561,1875,40
2973,378428,1000,21
2974,580934,1917,39
2975,600077,1250,28
2976,386832,1250,30
2977,490111,1291,23
2978,842701,1791,32
2979,578444,1292,26
2980,136075,1000,19
2981,641675,10583,49
2982,927200,1000,21
2983,90404,1334,29
2984,68942,1167,24
2985,324315,1042,23
2986,417501,4167,67
2987,751760,1250,24
2988,753790,2084,39
2989,501917,1291,25
2990,551232,1083,22
2991,430750,1334,30
2992,806528,1125,26
2993,429323,2250,39
2994,863334,1291,27
2995,602827,3125,54
2996,77334,2167,42
2997,131415,1125,21
2998,332428,1291,28
2999,673541,1250,26
3000,77768,1000,22
3001,471833,1834,37
3002,488462,1291,29
3003,713146,1125,25
3004,542492,1084,25
3005,361250,1083,24
3006,134569,1291,28
3007,920608,1041,20
3008,869326,1083,20
3009,818165,959,23
3010,578084,1416,29
3011,670873,1125,21
3012,616339,1042,25
3013,190803,1083,21
3014,805078,1042,26
3015,135301,1250,24
3016,453634,1084,22
3017,527291,1250,27
3018,954952,1125,20
3019,910386,1292,27
3020,58105,1083,21
3021,871777,2583,38
3022,130193,1625,22
3023,543270,1750,24
3024,160449,1709,30
3025,318898,1583,22
3026,172656,5625,47
3027,169835,1333,24
3028,338335,1541,25
3029,980144,2542,33
3030,743789,1750,30
3031,236423,2500,39
3032,362832,1708,27
3033,993509,1458,21
3034,986610,1667,21
3035,544104,1667,29
3036,938398,1583,23
3037,297847,2709,39
3038,887026,1708,28
3039,82691,1250,20
3040,262779,2041,38
3041,205838,1166,24
3042,665906,1250,20
3043,577600,5833,79
3044,287783,1333,31
3045,131251,1208,23
3046,655384,1167,25
3047,317535,1125,20
3048,644275,1208,19
3049,559393,3250,50
3050,97967,1459,25
3051,526987,2125,37
3052,672125,1208,21
3053,176828,3250,52
3054,620557,1416,24
3055,987347,2250,34
3056,608852,2041,36
3057,161685,2000,35
3058,179517,1167,24
3059,690732,1167,23
3060,654814,4250,61
3061,755639,1250,18
3062,945817,1208,24
3063,634535,1417,28
3064,354020,3084,48
3065,883457,3208,46
3066,968811,2000,34
3067,590997,2500,42
3068,43196,1250,26
3069,865323,3292,49
3070,905741,1166,24
3071,29752,1291,22
3072,85169,1167,26
3073,47671,1167,27
3074,994624,1458,23
3075,672613,1209,19
3076,808476,1208,25
3077,604789,1250,22
3078,277512,2125,35
3079,682760,1375,22
3080,221049,1250,23
3081,804215,1416,26
3082,599930,1375,27
3083,436823,1208,23
3084,648134,1417,28
3085,670031,2292,37
3086,31758,1500,28
3087,522231,2375,45
3088,932181,4250,60
3089,657630,1208,25
3090,572080,1250,21
3091,303743,1084,19
3092,673089,1916,38
3093,316769,1125,24
3094,506405,2458,38
3095,256774,1417,30
3096,843777,1959,33
3097,846568,2375,42
3098,718265,2125,36
3099,425819,1291,23
3100,311883,1167,23
3101,475576,1208,21
3102,76518,1458,24
3103,722064,1250,21
3104,62824,2250,39
3105,165760,1458,27
3106,460960,1208,24
3107,435811,126792,36
3108,507775,1333,19
3109,487003,1334,29
3110,213934,1083,23
3111,356718,1084,23
3112,636130,1125,20
3113,150648,1125,25
3114,327767,1292,26
3115,903333,1042,20
3116,753259,1125,24
3117,334828,2083,34
3118,769865,1417,26
3119,902591,1875,33
3120,362148,1334,30
3121,418085,1083,22
3122,137119,5167,74
3123,797616,1000,15
3124,388540,1000,21
3125,539996,1250,23
3126,588934,1041,24
3127,111342,1166,20
3128,334618,1167,20
3129,253481,1000,22
3130,489132,1375,28
3131,128474,2209,40
3132,280465,1125,25
3133,471436,1042,24
3134,259962,1041,18
3135,147721,1375,28
3136,101515,1250,23
3137,53064,1000,23
3138,304310,1167,22
3139,991308,3292,31
3140,402811,2209,41
3141,906142,1125,22
3142,645271,2208,45
3143,438447,1083,22
3144,260331,1000,21
3145,907341,2875,50
3146,946142,1333,27
3147,167458,2084,34
3148,852994,1208,22
3149,343342,1334,25
3150,979110,1166,19
3151,605749,1166,25
3152,756158,1333,25
3153,327906,1250,26
3154,199056,1167,22
3155,800191,1167,24
3156,167083,1083,21
3157,522470,1042,26
3158,539729,1292,27
3159,489492,4250,66
3160,522988,1291,26
3161,921778,1291,26
3162,323529,1083,24
3163,521531,3916,63
3164,24303,1916,39
3165,94424,1333,28
3166,991149,1125,20
3167,412345,1084,21
3168,529997,1292,31
3169,479442,1333,30
3170,252423,2833,22
3171,225596,1250,24
3172,611681,1041,21
3173,370038,1166,23
3174,51022,2250,40
3175,52996,1083,22
3176,295024,1250,29
3177,518935,1083,21
3178,626544,2084,38
3179,925200,1000,18
3180,883792,1083,22
3181,686042,1084,20
3182,705189,1916,37
3183,493447,1833,33
3184,299629,1125,23
3185,562762,1083,20
3186,8575,1834,41
3187,888325,1791,35
3188,112719,1041,20
3189,451861,1166,20
3190,140441,1250,24
3191,925322,1042,21
3192,277320,958,16
3193,762848,1125,21
3194,383546,1042,24
3195,800962,1375,25
3196,422843,1916,39
3197,383714,1208,26
3198,47441,1125,24
3199,420041,1250,28
3200,53643,1000,21
3201,597984,1167,22
3202,589108,1250,24
3203,204111,1333,28
3204,380134,1875,34
3205,580097,1291,30
3206,302621,1750,35
3207,77104,1083,24
3208,405117,959,18
3209,528751,1042,20
3210,472231,1083,22
3211,801536,1166,24
3212,576567,1333,28
3213,293309,1916,40
3214,865402,1083,24
3215,653517,1125,25
3216,713450,1916,36
3217,640726,1000,24
3218,124583,1291,29
3219,134914,1208,27
3220,101378,2084,39
3221,413038,1083,21
3222,391327,1000,20
3223,833511,1250,24
3224,355557,1042,18
3225,584930,1125,22
3226,984559,1125,23
3227,383367,1875,35
3228,791639,1000,21
3229,151276,1333,25
3230,208728,1042,24
3231,631729,1042,22
3232,533854,2209,39
3233,420885,1083,24
3234,524370,1834,36
3235,42211,1083,25
3236,47505,1209,27
3237,40805,1000,25
3238,143694,959,21
3239,748256,1042,22
3240,349219,1875,35
3241,843020,1167,24
3242,496757,1042,19
3243,544560,1333,26
3244,479188,2125,41
3245,156176,1250,28
3246,635711,1334,24
3247,936517,1833,36
3248,540547,1125,23
3249,146571,2083,45
3250,343898,1291,23
3251,976611,4625,54
3252,642849,1333,27
3253,334003,1291,27
3254,412043,2833,50
3255,646448,1125,26
3256,775233,1042,20
3257,883533,1334,27
3258,313770,3083,58
3259,622566,3291,53
3260,352714,1291,25
3261,531959,1375,31
3262,868525,1291,23
3263,534474,1041,25
3264,558199,1083,21
3265,513642,1750,35
3266,743168,3000,53
3267,590269,1083,25
3268,314354,1084,26
3269,497961,1125,23
3270,855375,1292,27
3271,17446,1167,23
3272,386252,4166,68
3273,347330,1292,27
3274,706538,1125,24
3275,114929,1042,24
3276,436775,1167,23
3277,612057,1792,31
3278,322624,1000,22
3279,835458,1125,23
3280,942426,2083,40
3281,760558,2042,38
3282,914463,1292,26
3283,721467,1333,28
3284,659828,1084,25
3285,27942,1083,23
3286,625906,1000,26
3287,497644,1083,17
3288,278429,1084,18
3289,687437,1333,28
3290,820935,1042,23
3291,813865,1084,21
3292,606575,1250,27
3293,605694,2000,38
3294,238597,1042,21
3295,756443,1292,30
3296,53850,3083,51
3297,611869,1000,20
3298,503788,1292,24
3299,178795,1333,28
3300,549698,2125,44
3301,659581,1041,26
3302,649841,1041,25
3303,812234,3875,62
3304,882028,1791,35
3305,398659,1125,23
3306,154955,1125,25
3307,861575,1208,22
3308,713794,1042,22
3309,253962,1292,24
3310,33105,1292,26
3311,600384,2875,49
3312,994266,2166,38
3313,734550,1875,35
3314,115234,2875,48
3315,200052,1292,24
3316,19858,1167,24
3317,462463,2083,36
3318,328931,1083,24
3319,439123,1084,20
3320,158788,1083,24
3321,433021,1208,24
3322,724043,1084,22
3323,213796,1250,27
3324,430312,1125,24
3325,526196,1125,26
3326,812618,1083,20
3327,641182,1875,38
3328,965237,1000,16
3329,494515,1000,23
3330,915216,1833,38
3331,889588,1084,21
3332,771582,2208,37
3333,762737,1334,30
3334,65307,1250,30
3335,740059,1042,23
3336,144790,1042,21
3337,543879,2166,45
3338,217414,1166,24
3339,588133,2208,39
3340,340840,1458,30
3341,694396,1416,25
3342,501609,2125,32
3343,551003,1250,21
3344,395130,1208,20
3345,328994,1500,28
3346,181595,1166,21
3347,481993,1125,22
3348,956432,1208,23
3349,559025,1209,23
3350,358956,2333,34
3351,572809,1083,21
3352,371497,1041,22
3353,708700,1291,21
3354,809490,1375,24
3355,909802,1500,28
3356,755945,3417,57
3357,713814,1166,22
3358,674559,1125,24
3359,842691,1125,22
3360,726992,1375,22
3361,277204,1166,23
3362,639712,2125,35
3363,507700,1416,24
3364,201604,2250,35
3365,258495,3125,49
3366,292560,1333,25
3367,585197,1333,24
3368,313000,1333,23
3369,235791,1125,25
3370,987220,1125,20
3371,312072,2250,43
3372,808635,3291,36
3373,303043,1125,21
3374,739143,1166,25
3375,217347,1041,25
3376,723770,2167,33
3377,739234,1375,29
3378,512757,1209,25
3379,332442,3458,59
3380,503111,1167,21
3381,365747,2250,41
3382,587714,1292,26
3383,979056,1208,21
3384,979879,1084,22
3385,834043,1250,25
3386,756720,1208,23
3387,286742,2333,38
3388,301770,1125,17
3389,127795,1167,25
3390,601335,1167,23
3391,709490,1166,23
3392,569577,1125,23
3393,398139,1167,23
3394,939273,1125,22
3395,413698,1083,22
3396,858131,1042,21
3397,361900,1333,23
3398,810617,1125,19
3399,843701,1333,22
3400,153592,1333,26
3401,304562,1125,20
3402,44110,1459,26
3403,301603,1041,21
3404,748832,1167,23
3405,82869,1125,23
3406,363189,1458,25
3407,968895,1250,19
3408,463865,1416,25
3409,687837,1458,26
3410,268901,1209,24
3411,783642,1208,20
3412,502352,1084,22
3413,224382,1375,26
3414,211884,1458,31
3415,868171,1459,25
3416,564740,2166,40
3417,284304,1166,22
3418,978347,1208,20
3419,589319,1333,24
3420,729989,1084,21
3421,284816,4250,61
3422,143942,2042,32
3423,114533,1166,25
3424,645585,1458,33
3425,776881,2125,38
3426,615337,1417,24
3427,250906,1166,24
3428,254236,1291,23
3429,53232,1250,23
3430,702372,1208,21
3431,949155,1167,18
3432,556838,2583,44
3433,236634,3083,50
3434,668934,1166,25
3435,244147,1291,25
3436,55041,1375,29
3437,105066,1458,27
3438,433378,1250,25
3439,346338,2333,39
3440,752205,2084,38
3441,495352,1375,25
3442,105429,1291,23
3443,714282,1375,29
3444,808207,1333,25
3445,144145,1167,22
3446,5434,1417,31
3447,577087,2125,32
3448,974232,1333,24
3449,165614,2500,44
3450,426674,1209,23
3451,684608,1208,25
3452,980453,1209,23
3453,923426,2125,34
3454,921069,1333,28
3455,498808,1292,23
3456,500642,1334,23
3457,682140,3208,49
3458,209145,1209,25
3459,792631,2125,35
3460,301199,1208,19
3461,336769,1250,20
3462,299280,1208,20
3463,677274,1334,30
3464,62037,1208,23
3465,952041,1125,21
3466,806067,2333,39
3467,93807,2167,38
3468,683985,1541,29
3469,602023,1208,23
3470,243501,1459,30
3471,561148,1250,24
3472,774569,1125,22
3473,758244,1500,29
3474,891639,1292,19
3475,982170,2166,32
3476,39111,1208,26
3477,957591,1084,22
3478,966233,1458,29
3479,183569,1334,23
3480,438185,1500,28
3481,925101,1083,20
3482,878293,1209,21
3483,184328,1333,28
3484,979289,1084,20
3485,964307,1041,20
3486,38106,1333,28
3487,876823,1084,21
3488,416279,1333,23
3489,826237,2084,40
3490,519448,1166,27
3491,195362,1209,21
3492,982106,1041,19
3493,785387,1084,20
3494,914664,1333,25
3495,971024,1166,20
3496,303529,1333,20
3497,919332,1125,18
3498,39287,1166,26
3499,9718,1167,26
3500,312887,1167,21
3501,595552,1250,23
3502,632064,1208,25
3503,112513,1417,26
3504,973556,2916,34
3505,351318,1250,19
3506,298385,1125,20
3507,476420,1375,29
3508,672465,1459,28
3509,569692,1166,21
3510,549788,1458,27
3511,517905,1500,25
3512,932457,1166,22
3513,984153,1208,21
3514,140719,1375,24
3515,892401,2500,41
3516,528706,1458,27
3517,490756,1292,22
3518,286091,1084,19
3519,202178,4625,71
3520,848103,1167,18
3521,118119,1459,28
3522,346748,1167,24
3523,170388,1375,25
3524,766635,1416,25
3525,481207,1083,20
3526,679777,1125,21
3527,269762,2041,35
3528,753505,1375,24
3529,195244,1541,26
3530,14769,1166,21
3531,772400,1125,22
3532,353488,1500,26
3533,829180,1500,29
3534,309356,1458,26
3535,595362,3292,51
3536,707161,1334,23
3537,794069,1166,16
3538,202545,1208,20
3539,184020,2042,36
3540,640633,1250,26
3541,897735,1250,23
3542,669753,1458,28
3543,940618,1166,21
3544,425188,2041,39
3545,867162,1375,26
3546,448480,2000,37
3547,540311,3167,48
3548,343857,2042,36
3549,90952,1458,27
3550,420305,1459,25
3551,701766,3208,51
3552,100019,1250,21
3553,193758,1125,23
3554,147443,1292,23
3555,500647,2416,42
3556,339321,1375,27
3557,981285,2291,38
3558,260097,1083,18
3559,7162,4334,66
3560,273454,1125,22
3561,402207,1167,22
3562,246962,1208,25
3563,468437,1416,30
3564,790372,1208,23
3565,279964,1084,23
3566,345638,1125,24
3567,316614,1500,29
3568,610755,1209,20
3569,757998,1458,24
3570,600706,1417,29
3571,11992,1166,24
3572,274259,1125,21
3573,685437,2125,36
3574,377018,1417,29
3575,726421,2000,34
3576,247782,1125,22
3577,65143,2041,36
3578,700225,1375,26
3579,123968,1416,27
3580,488003,1416,23
3581,321710,1458,29
3582,167476,1250,23
3583,425111,1250,25
3584,719401,1166,21
3585,526931,1416,27
3586,967947,1375,28
3587,938600,1333,28
3588,930928,1125,21
3589,737734,1417,29
3590,807237,1167,23
3591,326085,1166,23
3592,723822,1209,22
3593,123120,2083,41
3594,669738,3250,55
3595,960633,1292,28
3596,986328,1166,19
3597,309370,1458,26
3598,385398,1209,22
3599,644482,1292,26
3600,231578,1125,26
3601,229773,1083,22
3602,140058,1416,28
3603,501411,1250,22
3604,160627,1125,24
3605,477080,1375,23
3606,784057,1208,21
3607,635164,2209,39
3608,391775,1167,24
3609,436046,1500,30
3610,736039,1250,22
3611,575915,1416,23
3612,957137,2333,38
3613,493700,1208,17
3614,794140,1084,17
3615,563629,1500,30
3616,840953,1459,29
3617,696354,1333,28
3618,865709,3334,39
3619,229022,1250,23
3620,798868,1042,20
3621,259487,1167,20
3622,713391,1125,21
3623,791402,1083,22
3624,624757,1459,31
3625,915549,1167,22
3626,825619,1208,23
3627,85848,2250,33
3628,551034,2042,33
3629,468450,2417,43
3630,553830,1417,30
3631,737953,1375,27
3632,379359,1166,22
3633,81897,3166,46
3634,961801,1958,34
3635,591574,1208,24
3636,117660,1416,28
3637,64759,1250,24
3638,869033,1167,22
3639,574252,3166,48
3640,946747,1375,22
3641,530042,2334,45
3642,211977,2125,38
3643,600522,1958,33
3644,562729,3417,52
3645,157132,1500,30
3646,172530,1250,22
3647,344057,1208,23
3648,895994,2167,37
3649,545618,1208,22
3650,463304,1500,27
3651,121887,1375,25
3652,713342,1500,26
3653,215380,1167,22
3654,751743,1125,24
3655,611475,1416,28
3656,512574,1416,30
3657,95360,1166,22
3658,942554,1125,18
3659,535168,1125,23
3660,467123,1416,29
3661,847976,1166,21
3662,58339,1875,34
3663,475459,1250,22
3664,138354,1292,28
3665,538180,1208,24
3666,435605,2875,53
3667,478988,1083,23
3668,591304,1916,33
3669,60542,1000,22
3670,585942,2875,41
3671,484839,1166,24
3672,705449,1125,22
3673,846113,1041,22
3674,323140,1833,35
3675,758415,1834,39
3676,22828,1083,25
3677,415183,1917,36
3678,266818,1250,26
3679,856114,1208,25
3680,3162,1084,25
3681,782033,1083,21
3682,228487,1209,29
3683,606404,1125,20
3684,76578,1292,24
3685,47490,1250,27
3686,444279,1375,30
3687,361265,1250,28
3688,734407,1125,21
3689,66858,1041,25
3690,567452,1083,25
3691,63183,1000,19
3692,979982,1250,26
3693,937657,1208,25
3694,72372,1125,23
3695,979135,2041,39
3696,495003,1750,37
3697,33277,2041,40
3698,301037,1250,24
3699,428729,1208,30
3700,188725,1250,23
3701,806326,1167,24
3702,142008,1833,37
3703,803029,1291,27
3704,672688,1875,39
3705,764716,1083,22
3706,677256,1791,40
3707,440782,1125,26
3708,392651,1250,23
3709,934632,1084,22
3710,401059,1375,26
3711,470326,1041,23
3712,911863,1833,35
3713,961665,1083,20
3714,950815,1000,20
3715,395834,1208,21
3716,393893,1750,35
3717,84149,1417,30
3718,715895,1291,29
3719,693940,2000,40
3720,917037,1041,22
3721,565498,1041,24
3722,139450,1083,26
3723,685281,1084,20
3724,902076,1125,22
3725,364664,1292,28
3726,124396,1125,25
3727,187144,1084,21
3728,563357,1875,40
3729,412152,1084,21
3730,554532,1916,38
3731,133534,1833,38
3732,763215,1334,26
3733,233508,1125,23
3734,875374,1166,19
3735,3643,1292,27
3736,792912,1083,18
3737,23840,1292,27
3738,312857,1292,26
3739,485495,2958,35
3740,706216,1375,28
3741,754025,1333,27
3742,570893,1125,23
3743,444731,3000,50
3744,557773,1125,24
3745,397701,2125,43
3746,863356,2083,40
3747,240821,1083,22
3748,259536,1250,23
3749,483001,1125,22
3750,362975,2042,39
3751,162657,1333,28
3752,289040,1250,25
3753,197637,1166,23
3754,982947,1166,18
3755,917723,1041,21
3756,760243,1083,25
3757,802675,2834,47
3758,118327,1791,35
3759,33783,1041,23
3760,848800,2125,43
3761,692268,1917,35
3762,439606,1334,25
3763,644794,1291,27
3764,803266,1041,24
3765,981717,3000,54
3766,926686,1083,20
3767,932228,1792,37
3768,16406,1084,22
3769,252357,1833,37
3770,216093,1791,35
3771,70560,1166,26
3772,105798,2041,37
3773,622796,1167,25
3774,35208,1083,26
3775,468128,2209,44
3776,626823,1083,26
3777,704668,4083,71
3778,737450,2209,41
3779,914582,1833,36
3780,51041,1000,23
3781,256623,1750,36
3782,776514,1083,19
3783,46386,1291,27
3784,421806,1250,27
3785,460286,1250,23
3786,245723,1791,32
3787,565980,1084,23
3788,791031,2125,39
3789,905687,1250,28
3790,813762,1292,26
3791,59186,1083,23
3792,146943,1292,29
3793,528374,6250,88
3794,303315,1459,28
3795,245537,1208,24
3796,855414,1875,38
3797,960912,1417,29
3798,767052,2000,34
3799,604096,1208,25
3800,334395,1292,27
3801,605527,1334,32
3802,626963,1250,29
3803,810066,1125,20
3804,705201,1125,24
3805,858137,1041,22
3806,336242,1209,26
3807,248412,1250,28
3808,316423,1375,32
3809,918824,1250,22
3810,150220,1333,32
3811,692283,1167,25
3812,546572,1334,25
3813,231781,1458,33
3814,433650,2084,41
3815,315099,1333,27
3816,288520,1916,38
3817,583762,1208,27
3818,994596,1125,18
3819,620408,1458,29
3820,922447,1291,27
3821,770926,1208,20
3822,955859,1291,24
3823,183641,1250,26
3824,656402,1250,23
3825,711722,1917,38
3826,447953,1250,27
3827,582852,1208,24
3828,519697,1333,30
3829,49162,1209,25
3830,361146,1417,26
3831,987325,1083,20
3832,674566,1125,25
3833,703954,1125,20
3834,399670,1334,29
3835,823976,2208,22
3836,549940,1125,22
3837,334218,1459,32
3838,730133,1042,21
3839,436549,1208,26
3840,428091,1167,24
3841,156467,3334,60
3842,314456,4958,82
3843,394748,1167,25
3844,192812,2042,42
3845,791063,1125,25
3846,564059,1083,27
3847,496521,1459,31
3848,252674,1083,25
3849,890599,1084,24
3850,236291,1125,26
3851,315345,1083,25
3852,899198,3750,49
3853,741949,1041,25
3854,151364,1167,27
3855,844918,1083,22
3856,485518,1167,28
3857,959176,3125,54
3858,60424,1958,40
3859,589705,1166,27
3860,432724,1125,24
3861,436741,1125,26
3862,584358,1083,28
3863,555737,1167,25
3864,140607,1166,29
3865,407287,1333,22
3866,254656,1375,29
3867,267383,1375,26
3868,213215,1167,25
3869,346306,1417,32
3870,678121,1167,23
3871,82912,1417,29
3872,967025,1250,25
3873,471636,1417,29
3874,888284,1250,24
3875,389103,1166,26
3876,96956,1416,33
3877,561655,1166,23
3878,869696,1125,25
3879,199735,1208,26
3880,54041,1208,23
3881,281503,1417,27
3882,395490,1167,25
3883,706397,1125,22
3884,634357,1083,25
3885,632210,2209,44
3886,41469,1250,29
3887,916058,2208,42
3888,76320,1917,42
3889,197304,2916,55
3890,843738,1375,31
3891,798697,1375,27
3892,616127,2000,42
3893,759490,1166,20
3894,704067,1333,23
3895,585998,1209,26
3896,227559,1875,38
3897,502682,1167,25
3898,219037,1209,25
3899,911710,1125,22
3900,951093,1334,27
3901,349139,1333,25
3902,317916,1083,23
3903,953150,2209,41
3904,16079,1417,31
3905,222097,1917,37
3906,982684,1167,21
3907,199255,1125,26
3908,777494,1166,21
3909,123015,2042,43
3910,783160,1083,20
3911,790974,1125,21
3912,502185,1084,24
3913,958862,1125,23
3914,254378,1083,21
3915,729418,1125,21
3916,633761,1250,26
3917,737955,1125,25
3918,214448,1083,26
3919,415899,1125,20
3920,959580,1292,23
3921,250957,1333,28
3922,578898,1167,28
3923,337238,1125,24
3924,813186,1458,27
3925,296810,1125,24
3926,399153,1166,23
3927,488900,3125,51
3928,559573,1125,25
3929,680234,1375,25
3930,376711,2333,46
3931,323405,1042,27
3932,274268,1375,27
3933,377115,1166,25
3934,537728,1875,39
3935,925696,3959,62
3936,521434,1083,28
3937,488641,1084,23
3938,103399,1500,31
3939,841815,2167,43
3940,757506,1167,24
3941,798626,1417,22
3942,880522,1166,26
3943,335789,2000,40
3944,958746,1833,38
3945,212995,1459,29
3946,388713,1916,37
3947,328123,2166,43
3948,434038,1166,26
3949,47937,1250,26
3950,589850,1333,31
3951,906059,1041,24
3952,232023,2166,46
3953,777260,1375,26
3954,153012,2333,40
3955,17008,2000,42
3956,273442,1375,26
3957,580190,1375,30
3958,980166,1167,20
3959,612402,1375,28
3960,607276,1167,21
3961,754988,1917,34
3962,437863,2000,42
3963,309532,2125,43
3964,159815,1500,34
3965,205722,1250,26
3966,345889,1416,24
3967,241193,2416,42
3968,398291,1333,22
3969,597468,1250,22
3970,873845,1292,22
3971,257667,1250,26
3972,523556,1292,23
3973,577391,1250,23
3974,686407,1208,19
3975,989295,1292,22
3976,718114,1417,27
3977,353962,3125,33
3978,269827,2417,42
3979,800442,1500,29
3980,861502,1458,26
3981,512357,3208,53
3982,758706,1292,22
3983,672866,1333,23
3984,775521,1459,26
3985,514427,1250,23
3986,483215,1667,29
3987,176406,2250,41
3988,768368,1209,21
3989,833593,1500,26
3990,369284,1250,25
3991,177488,1292,29
3992,146758,3375,53
3993,755304,1334,21
3994,573096,1333,24
3995,512037,1208,18
3996,192989,1334,26
3997,961439,1208,19
3998,932567,1208,20
3999,568472,1584,30
4000,672986,1375,25
4001,61586,1334,24
4002,549396,1166,22
4003,35467,1666,33
4004,879828,2084,34
4005,887827,1541,28
4006,77942,1583,29
4007,991102,1500,26
4008,857731,1125,20
4009,50872,1291,28
4010,801468,1541,31
4011,6694,1291,29
4012,432425,1583,29
4013,144171,1500,31
4014,883473,1292,24
4015,661339,2375,40
4016,242676,1291,25
4017,71270,1333,27
4018,741522,2417,38
4019,158367,1209,25
4020,9586,1458,33
4021,229345,1167,22
4022,530300,1333,24
4023,478161,1375,26
4024,391330,1292,23
4025,63387,1291,23
4026,647848,1541,29
4027,668707,1500,28
4028,699144,1291,24
4029,979270,1250,22
4030,646468,1541,30
4031,957090,1334,20
4032,506677,1583,30
4033,691310,1167,25
4034,511553,1125,23
4035,16496,1334,29
4036,6934,1416,31
4037,558066,1250,25
4038,578441,1333,29
4039,431320,2542,42
4040,12427,2167,39
4041,17539,1292,26
4042,555135,1542,31
4043,757274,2375,42
4044,288087,1291,25
4045,561763,1375,26
4046,300615,2416,40
4047,17976,1208,26
4048,526612,1458,31
4049,852658,1500,29
4050,731759,1250,27
4051,706775,1500,28
4052,451489,1542,31
4053,845329,1166,25
4054,985360,1250,17
4055,953967,1208,20
4056,187975,2584,46
4057,112215,2458,47
4058,962644,1500,22
4059,100993,1542,28
4060,549858,1542,27
4061,156131,1500,33
4062,252675,1458,28
4063,201256,1292,24
4064,649888,1292,25
4065,552030,1542,32
4066,264680,2125,41
4067,854815,3208,48
4068,371659,1375,22
4069,280311,2250,35
4070,833552,3250,51
4071,416177,1375,21
4072,82858,1291,23
4073,391173,1500,29
4074,425751,1500,31
4075,481295,1208,25
4076,592448,1292,26
4077,255022,1459,27
4078,731106,1292,25
4079,236829,1250,27
4080,314547,1250,25
4081,717270,2042,36
4082,868287,1208,22
4083,889054,1416,27
4084,84533,3208,50
4085,685492,1292,24
4086,899909,1334,24
4087,681464,1292,26
4088,796484,1916,32
4089,33224,1666,35
4090,98043,2458,42
4091,424966,3584,61
4092,397688,1417,31
4093,395491,1291,25
4094,579550,3541,55
4095,499128,3291,55
4096,58841,1375,26
4097,667679,2125,36
4098,9910,1291,29
4099,736987,1209,26
4100,179709,1291,27
4101,86703,1208,27
4102,524140,1250,24
4103,886393,2458,28
4104,454988,1584,29
4105,676235,1208,23
4106,822479,1584,32
4107,347363,3375,51
4108,593344,1250,24
4109,899637,1541,29
4110,99995,1333,26
4111,938257,3250,47
4112,553816,2542,45
4113,963801,1250,22
4114,44619,3333,57
4115,240928,1334,22
4116,221687,1417,26
4117,945054,1416,24
4118,910287,1250,22
4119,725917,1291,22
4120,930669,1208,22
4121,594317,1542,28
4122,498599,2500,40
4123,284264,1541,27
4124,48824,2125,40
4125,969052,1458,27
4126,77960,1417,27
4127,717676,1167,23
4128,970547,2125,35
4129,293993,1125,25
4130,942997,1125,24
4131,590883,1541,26
4132,690078,1583,32
4133,34501,1333,28
4134,188067,1292,24
4135,973883,1250,20
4136,891738,1334,24
4137,329762,1583,31
4138,16419,2750,34
4139,217222,1584,25
4140,615552,2667,36
4141,151196,1709,28
4142,788796,2667,38
4143,860557,1958,25
4144,747333,1500,25
4145,860779,2125,33
4146,417644,1667,26
4147,973996,1375,23
4148,80675,1334,26
4149,313815,1583,29
4150,170342,1541,29
4151,591354,1333,22
4152,252154,2459,45
4153,594224,2208,38
4154,875195,1459,27
4155,890705,2625,43
4156,408061,2166,38
4157,709923,1583,25
4158,940076,1250,22
4159,566821,2125,38
4160,347844,1333,26
4161,402492,1417,25
4162,792314,1500,28
4163,775680,2083,36
4164,146749,2584,25
4165,828898,1333,25
4166,722795,1417,25
4167,759341,1167,27
4168,82238,1292,26
4169,525120,2167,41
4170,781668,1375,19
4171,362660,1375,24
4172,56305,1500,28
4173,102431,1333,26
4174,458321,150959,55
4175,243421,1459,23
4176,879415,1333,22
4177,79711,2375,39
4178,357138,1375,24
4179,634566,1375,26
4180,806361,1709,27
4181,643685,1333,25
4182,624541,1584,33
4183,415974,2166,31
4184,811132,1666,31
4185,342231,1625,28
4186,31065,1583,33
4187,664927,1375,23
4188,286605,1375,22
4189,821610,1292,28
4190,472437,4792,71
4191,514436,1375,25
4192,239221,1375,25
4193,373096,1250,24
4194,579903,1375,27
4195,986860,1291,21
4196,393664,1334,23
4197,452826,1250,26
4198,194761,1292,26
4199,712712,1250,21
4200,614335,1292,26
4201,692765,1542,27
4202,398536,3333,51
4203,89857,2375,42
4204,809677,2167,36
4205,648666,2625,45
4206,309728,1459,27
4207,836822,2167,35
4208,258422,1292,25
4209,747749,1291,24
4210,77078,1334,24
4211,86024,1333,23
4212,280990,1209,26
4213,161713,1291,27
4214,398459,1333,25
4215,746248,1500,28
4216,821969,3750,57
4217,664694,1250,24
4218,161772,1500,29
4219,775585,1375,21
4220,408549,1334,21
4221,332062,4042,41
4222,378222,1583,26
4223,111727,1417,29
4224,95967,1666,31
4225,5448,1291,28
4226,988766,1500,28
4227,323242,1291,19
4228,466340,1500,31
4229,377401,4459,64
4230,798330,1583,24
4231,282871,1500,25
4232,107198,1500,29
4233,138944,2583,49
4234,91538,1291,22
4235,196495,1417,28
4236,451915,2250,35
4237,470647,1209,20
4238,584042,1625,32
4239,581688,1292,24
4240,537334,1292,26
4241,427866,1375,27
4242,108311,1584,30
4243,27538,3708,63
4244,93973,1500,28
4245,371107,2541,45
4246,581142,2250,37
4247,97585,1583,30
4248,625921,2334,41
4249,627095,1250,22
4250,822544,1375,25
4251,340190,3292,49
4252,905675,2250,39
4253,403952,2208,40
4254,12941,1333,24
4255,306025,1291,20
4256,433912,1541,25
4257,406638,1208,22
4258,817019,1459,24
4259,88814,1458,28
4260,760054,1625,32
4261,944910,3291,51
4262,586717,1209,21
4263,949179,1416,22
4264,254534,1459,24
4265,599744,1375,28
4266,546418,2125,37
4267,177821,1750,33
4268,718606,1250,20
4269,399227,1375,22
4270,177736,1542,34
4271,145585,1334,26
4272,281982,2458,42
4273,315760,2459,41
4274,281445,1333,26
4275,517078,2292,43
4276,153024,1250,21
4277,66341,1458,27
4278,175330,3583,62
4279,455792,2250,36
4280,289367,1333,24
4281,441558,2208,40
4282,314314,1584,26
4283,507754,2333,42
4284,820686,1584,29
4285,80658,1375,24
4286,378667,1333,23
4287,263927,1375,24
4288,990089,1542,27
4289,258569,1541,26
4290,755918,1334,26
4291,655396,1416,25
4292,519887,1666,30
4293,622652,2250,42
4294,646625,4458,65
4295,205048,1292,28
4296,480103,1333,23
4297,112169,1625,30
4298,142072,1333,29
4299,319458,2666,39
4300,7097,2416,46
4301,414914,1375,23
4302,348355,1666,25
4303,882496,1500,31
4304,650319,1250,25
4305,398344,1375,31
4306,843136,1250,24
4307,904081,1125,25
4308,345550,1167,22
4309,461608,1125,26
4310,350997,1167,24
4311,451534,1166,26
4312,855089,1000,20
4313,863540,1166,26
4314,901260,1333,23
4315,682662,1250,24
4316,623267,1125,27
4317,142737,1500,35
4318,315030,1125,25
4319,632513,1167,23
4320,993294,1459,28
4321,729067,1375,28
4322,210609,2208,45
4323,502279,1417,26
4324,186267,1125,24
4325,417585,1125,19
4326,334641,1166,22
4327,305606,1292,25
4328,770572,1416,28
4329,728717,1083,19
4330,663647,1959,38
4331,514859,1292,27
4332,603854,1208,27
4333,819960,1959,42
4334,254201,1333,29
4335,341717,2125,43
4336,394323,3166,41
4337,293917,1291,29
4338,856157,1167,21
4339,824041,1167,21
4340,412023,1125,22
4341,382747,1125,22
4342,119421,1292,27
4343,977344,1417,22
4344,591241,2500,43
4345,209506,1375,27
4346,620996,3000,51
4347,572134,1875,35
4348,188668,1375,27
4349,714828,1250,28
4350,804906,1959,42
4351,576821,1083,21
4352,28224,1167,27
4353,999298,1125,19
4354,762539,2250,42
4355,484046,2209,44
4356,988781,1291,28
4357,742777,1375,25
4358,219833,1208,23
4359,459754,1125,21
4360,836434,1125,22
4361,305483,2916,49
4362,871663,1166,24
4363,726491,1084,24
4364,72519,1458,29
4365,858748,1291,23
4366,888971,3125,54
4367,834307,1084,22
4368,833666,1333,30
4369,429017,1417,32
4370,705669,1333,23
4371,523558,1292,27
4372,145940,1416,27
4373,664101,1166,22
4374,317544,1167,23
4375,253778,1334,25
4376,264956,1250,24
4377,690659,1333,31
4378,161631,2042,43
4379,749980,1125,25
4380,443682,1500,34
4381,827407,1167,24
4382,395304,1167,24
4383,77559,1083,22
4384,470881,1292,25
4385,626980,1167,26
4386,502515,1250,29
4387,610528,1083,25
4388,420275,2250,45
4389,560325,1958,39
4390,531222,1167,27
4391,968356,1292,25
4392,965102,1292,25
4393,911878,1125,22
4394,725310,2875,52
4395,438621,1167,29
4396,570054,2875,53
4397,38552,1959,40
4398,829131,1833,35
4399,376994,1125,24
4400,735717,1291,29
4401,939002,1125,21
4402,851756,1083,21
4403,562987,1125,19
4404,622666,1166,24
4405,669181,1458,29
4406,958820,1292,23
4407,89111,1209,28
4408,114683,1458,31
4409,806307,1125,25
4410,260290,1959,41
4411,689546,2208,45
4412,696983,1375,26
4413,372254,1167,23
4414,174419,1333,30
4415,678429,1208,26
4416,642440,1417,32
4417,46449,1209,26
4418,590580,1208,28
4419,676365,1959,36
4420,710381,1291,28
4421,678160,1333,26
4422,419030,1458,35
4423,789246,1125,20
4424,347705,2250,39
4425,834909,1333,31
4426,451366,1417,33
4427,111091,4292,72
4428,11061,1375,31
4429,103397,1416,32
4430,271307,1166,26
4431,232786,1208,27
4432,535483,2208,41
4433,783133,1291,25
4434,543999,1125,25
4435,585099,1958,42
4436,608718,1125,27
4437,721069,1916,40
4438,603179,1208,27
4439,231769,1209,29
4440,467433,1958,37
4441,392293,2125,42
4442,410134,1458,28
4443,485557,1375,30
4444,809860,1250,24
4445,712566,1292,25
4446,617182,1208,26
4447,723976,1292,23
4448,524777,1125,22
4449,158068,1500,34
4450,361725,3833,50
4451,25756,1250,27
4452,506223,1458,28
4453,109628,1375,28
4454,309784,1500,31
4455,436182,1250,25
4456,965265,2125,33
4457,90026,1416,26
4458,121708,1458,31
4459,871700,2584,43
4460,986371,2083,32
4461,765619,1292,25
4462,148558,1458,29
4463,365250,1250,21
4464,327041,1500,33
4465,359732,1375,26
4466,477451,2625,46
4467,822367,1583,32
4468,216917,2125,42
4469,546429,1375,24
4470,506385,1500,33
4471,365220,1250,24
4472,499293,1334,27
4473,102366,5833,84
4474,459451,1333,27
4475,757066,1250,25
4476,730610,3458,59
4477,474426,1292,27
4478,334401,1541,27
4479,70438,1541,33
4480,314850,1541,30
4481,46854,1417,32
4482,849542,1250,21
4483,745306,1333,21
4484,120676,1292,25
4485,23683,1584,32
4486,890430,1208,25
4487,359744,2250,42
4488,679446,1667,30
4489,114676,2166,39
4490,710033,2208,33
4491,838914,1334,24
4492,172338,1500,28
4493,975095,1166,21
4494,776460,1292,22
4495,255762,1250,20
4496,541059,1334,23
4497,182928,1500,27
4498,578720,1625,30
4499,167915,1500,25
4500,347068,1333,24
4501,587045,1209,23
4502,447081,1250,24
4503,484499,1250,21
4504,243119,1541,29
4505,836508,1542,31
4506,424724,1333,30
4507,660352,1250,22
4508,193412,2459,38
4509,195441,1333,22
4510,671591,1375,27
4511,689238,1208,22
4512,453126,1458,27
4513,414799,1500,26
4514,30611,1584,34
4515,773208,1458,25
4516,643938,2458,42
4517,925995,1167,23
4518,206910,1334,28
4519,471414,1500,33
4520,620971,1250,24
4521,450419,1208,24
4522,407724,3292,56
4523,4667,4250,64
4524,738969,1292,26
4525,225231,3625,58
4526,215781,1458,27
4527,291866,2416,45
4528,788871,1541,26
4529,737946,1167,21
4530,848015,1459,26
4531,834675,1541,25
4532,65603,1250,25
4533,605394,2208,39
4534,106695,2083,43
4535,838339,1250,21
4536,914337,1208,21
4537,562969,1291,22
4538,196042,1208,20
4539,383562,1250,26
4540,341820,1209,22
4541,206648,1500,28
4542,479777,1625,29
4543,119491,1250,25
4544,275098,1250,25
4545,703282,1417,27
4546,904540,1542,29
4547,513262,1292,27
4548,553350,1292,27
4549,670154,1333,27
4550,328629,1250,27
4551,625970,1250,26
4552,407518,1291,22
4553,641004,3209,50
4554,411613,1250,22
4555,615520,1334,25
4556,119782,2416,46
4557,364826,2125,42
4558,369083,2459,45
4559,886590,1500,25
4560,480102,1500,28
4561,647352,1250,27
4562,180909,2167,35
4563,853267,1250,24
4564,706310,2208,38
4565,740283,1208,20
4566,839504,2417,40
4567,311894,3209,54
4568,963309,1500,29
4569,644334,1292,26
4570,618837,1334,27
4571,88869,1291,27
4572,704759,2333,43
4573,140455,1292,24
4574,328400,1541,32
4575,123587,1250,26
4576,250162,1542,32
4577,122630,4458,53
4578,191937,1291,25
4579,391440,1583,25
4580,727121,1292,22
4581,148226,1459,31
4582,535639,1292,27
4583,407334,1583,27
4584,438556,1584,35
4585,625398,2250,37
4586,144565,1292,27
4587,602728,1334,28
4588,402350,2416,43
4589,443589,1250,26
4590,194777,1250,23
4591,510311,1375,25
4592,666372,1292,28
4593,563484,1334,27
4594,727118,1125,23
4595,963811,2417,40
4596,676605,1250,23
4597,975905,2416,36
4598,181650,1250,25
4599,581869,1291,24
4600,174972,1500,30
4601,513427,1583,28
4602,302866,2209,40
4603,147112,2083,39
4604,196188,2042,33
4605,329862,2459,44
4606,882886,1541,27
4607,472909,1375,25
4608,649499,1250,26
4609,56216,1708,30
4610,907566,1292,21
4611,376480,1542,32
4612,998079,1167,17
4613,10049,1458,34
4614,508150,1291,25
4615,143168,3375,55
4616,204608,2459,43
4617,854816,1291,24
4618,402595,1250,27
4619,588862,1375,27
4620,529991,1291,22
4621,684794,1458,27
4622,519014,1375,27
4623,429009,1625,34
4624,717957,1167,26
4625,435821,1542,33
4626,744639,1417,26
4627,880691,4625,67
4628,465413,1667,30
4629,512439,2167,40
4630,175378,2083,37
4631,86687,1250,29
4632,592863,1500,30
4633,32360,2208,38
4634,834542,1500,25
4635,798026,1500,28
4636,231242,2541,43
4637,306279,2375,47
4638,34284,1541,32
4639,288205,2125,39
4640,235766,3416,61
4641,563724,2458,41
4642,302693,1375,25
4643,176380,1250,24
4644,818666,2167,35
4645,479537,2375,46
4646,593128,1542,30
4647,778587,1417,22
4648,810075,1250,19
4649,803125,1292,25
4650,519374,1542,30
4651,576430,1291,19
4652,535619,1458,32
4653,118711,1417,27
4654,600535,1375,29
4655,119755,1250,27
4656,280902,2417,40
4657,812765,3333,40
4658,569489,1334,25
4659,863275,1291,24
4660,384683,1209,24
4661,568374,1208,25
4662,862571,3083,51
4663,793548,3291,49
4664,43632,1583,33
4665,796923,1250,20
4666,753906,1333,24
4667,462807,1250,26
4668,572893,1291,25
4669,229158,1333,29
4670,445808,1250,25
4671,107392,1291,29
4672,771741,1291,22
4673,870393,1250,23
4674,685425,3500,51
4675,787843,2416,42
4676,259556,1541,26
4677,312171,1333,24
4678,917305,1250,19
4679,33797,1541,27
4680,471579,2167,42
4681,275582,3292,50
4682,365510,1333,28
4683,904082,3209,52
4684,856402,2208,39
4685,91209,1291,25
4686,460399,2166,43
4687,907323,1416,29
4688,123089,1333,28
4689,813309,1250,23
4690,851328,1417,27
4691,248456,1459,32
4692,220074,1291,22
4693,850084,3334,41
4694,773444,1458,25
4695,616483,1334,24
4696,722609,1250,26
4697,367664,1250,23
4698,902875,1250,21
4699,745280,2458,41
4700,639906,1250,22
4701,663509,1292,23
4702,448966,1542,28
4703,174045,1542,29
4704,646082,1208,25
4705,145999,2125,36
4706,822975,1583,26
4707,216657,1583,32
4708,853048,2417,46
4709,216996,2125,37
4710,844566,2375,43
4711,62242,1291,25
4712,597767,1458,28
4713,367857,1250,24
4714,558137,1459,28
4715,294740,1625,25
4716,625851,1541,33
4717,564940,1375,25
4718,176557,1541,25
4719,339376,1333,21
4720,738254,1250,23
4721,306850,1292,26
4722,303388,1250,24
4723,600557,1667,32
4724,280330,1334,26
4725,998661,1541,25
4726,899696,1541,29
4727,539404,1333,26
4728,943882,1417,22
4729,712297,2084,32
4730,854780,1333,25
4731,99851,1250,27
4732,142176,1416,31
4733,786531,1500,29
4734,823857,1292,26
4735,431590,1375,28
4736,963399,1250,23
4737,62166,1209,26
4738,290795,1250,24
4739,909166,2167,39
4740,687758,2208,39
4741,133052,1333,27
4742,735500,1459,32
4743,908150,1208,24
4744,139137,1250,25
4745,261806,1292,25
4746,153348,2166,43
4747,745952,1208,25
4748,337743,1334,22
4749,868727,1500,25
4750,259580,3583,59
4751,798463,2291,35
4752,884533,2083,36
4753,709084,1500,24
4754,411777,1292,23
4755,513235,1459,26
4756,149078,1250,22
4757,605475,1334,27
4758,663122,2125,38
4759,281771,1333,24
4760,658310,1333,27
4761,434347,1334,27
4762,393397,1333,27
4763,473948,1292,27
4764,79185,1292,24
4765,664407,1208,22
4766,833198,2500,43
4767,922879,2125,36
4768,806234,1541,27
4769,97617,2125,39
4770,422420,1583,31
4771,540660,1375,27
4772,786225,2375,45
4773,291741,1292,27
4774,728450,2042,37
4775,981820,1291,21
4776,919934,1208,26
4777,387000,1334,24
4778,476783,1500,27
4779,996414,2125,35
4780,511752,2167,37
4781,343188,1250,22
4782,610225,2166,40
4783,2594,1542,31
4784,911116,1250,22
4785,811740,1458,29
4786,888320,1500,24
4787,768317,1500,26
4788,97667,1292,29
4789,766438,5417,76
4790,480719,3291,55
4791,665679,1500,27
4792,696406,2375,44
4793,731161,1250,24
4794,375624,1583,33
4795,891402,1291,24
4796,66408,1375,25
4797,834329,1250,20
4798,560385,1333,23
4799,417036,1375,21
4800,228412,1333,28
4801,450514,1291,25
4802,864916,1291,24
4803,222143,1333,27
4804,518747,2500,48
4805,281582,1250,25
4806,338549,1416,30
4807,868582,1333,27
4808,297369,1166,23
4809,354162,1125,22
4810,573897,1083,22
4811,606008,1250,26
4812,136938,1333,25
4813,593644,1417,29
4814,893830,1041,21
4815,508914,1166,23
4816,826597,1166,24
4817,360438,1209,27
4818,937590,1208,23
4819,715708,5041,67
4820,799282,1750,20
4821,50761,2000,43
4822,48175,1167,26
4823,104412,1334,28
4824,656597,1125,22
4825,821968,1375,30
4826,877346,1000,23
4827,481907,1167,24
4828,17073,2042,37
4829,130273,1167,25
4830,974582,1084,23
4831,899313,1292,24
4832,165658,1250,24
4833,462722,1416,30
4834,478694,1041,27
4835,709,2041,41
4836,448581,1458,30
4837,212147,1209,24
4838,722041,1167,21
4839,953583,1333,29
4840,138321,3250,58
4841,924999,1084,25
4842,681572,1333,27
4843,316529,1959,41
4844,166700,1125,23
4845,916900,1334,29
4846,978034,1291,29
4847,919177,1125,21
4848,287331,1125,25
4849,97875,1417,28
4850,686386,1125,23
4851,377944,1375,31
4852,262553,1208,28
4853,86425,1334,26
4854,389907,1375,31
4855,696788,1125,25
4856,947704,1291,25
4857,680433,1875,40
4858,173566,3875,68
4859,54303,2167,48
4860,415595,1209,26
4861,655994,1375,28
4862,320350,1166,24
4863,761254,1416,27
4864,733418,1333,30
4865,791919,1125,24
4866,245518,1125,25
4867,450082,2000,44
4868,687327,1375,27
4869,95630,1958,41
4870,737881,1959,36
4871,99808,1291,32
4872,1140,1208,26
4873,223789,1209,24
4874,499969,1166,28
4875,81725,1875,43
4876,139146,1208,25
4877,622519,1458,33
4878,237179,1250,26
4879,544677,1167,25
4880,713014,1083,21
4881,466687,1208,27
4882,9739,1959,41
4883,8455,1291,26
4884,729387,1208,25
4885,360264,1250,28
4886,856801,1250,22
4887,126452,1208,26
4888,902133,2042,35
4889,442829,1667,35
4890,727745,1167,22
4891,138596,1250,26
4892,500906,1500,27
4893,74269,3291,50
4894,240069,1500,31
4895,401678,1250,27
4896,93671,3167,53
4897,766261,1291,21
4898,845107,1250,22
4899,107403,1542,34
4900,108215,1291,24
4901,328573,1500,32
4902,385417,1291,24
4903,923784,1250,23
4904,313792,1542,31
4905,143791,1250,27
4906,401313,2334,35
4907,811033,2333,45
4908,852879,1292,21
4909,789744,1167,25
4910,916977,1417,28
4911,139614,1292,24
4912,672742,1542,28
4913,710030,1250,24
4914,149793,1209,24
4915,71735,1541,27
4916,556279,1375,27
4917,590654,1625,32
4918,8887,1250,29
4919,639967,1250,23
4920,681596,1250,23
4921,172089,1500,29
4922,461478,1375,25
4923,368248,2500,43
4924,757525,1333,25
4925,223405,1375,26
4926,658590,2500,43
4927,784617,1417,23
4928,158728,2167,42
4929,964579,1291,23
4930,431710,1583,30
4931,646003,2292,40
4932,719917,2167,41
4933,463874,2167,39
4934,901737,2125,33
4935,227798,2459,49
4936,90899,1458,33
4937,940146,1250,23
4938,105346,1459,28
4939,146815,1250,26
4940,788997,1209,20
4941,129140,2791,33
4942,618214,1334,26
4943,765471,1500,29
4944,402687,1542,29
4945,368612,1292,26
4946,450247,1375,26
4947,329781,1375,26
4948,829505,1292,22
4949,146623,1208,25
4950,259823,1334,24
4951,290422,1292,23
4952,675934,1250,26
4953,88342,2208,37
4954,260222,1208,23
4955,580279,1333,23
4956,630194,1541,31
4957,629154,2334,43
4958,756212,3250,53
4959,637108,1584,28
4960,298762,3375,49
4961,816809,1292,23
4962,987003,1250,22
4963,724017,1458,23
4964,28128,1500,33
4965,889080,1292,24
4966,888218,2083,36
4967,690389,1375,25
4968,918372,1333,23
4969,316303,1250,20
4970,215426,1791,28
4971,542900,2542,43
4972,636409,2334,42
4973,534274,1208,22
4974,197811,1416,24
4975,784171,3458,51
4976,410781,1750,31
4977,309899,4375,66
4978,677559,2250,41
4979,57220,1625,29
4980,821876,2458,45
4981,941530,2125,36
4982,832337,1291,25
4983,250968,1583,29
4984,518928,1333,28
4985,404631,2291,26
4986,118221,2459,48
4987,252793,2291,41
4988,523851,2166,37
4989,669078,1625,31
4990,622781,1541,27
4991,74462,1333,23
4992,553949,1500,26
4993,931896,2166,39
4994,12654,1625,30
4995,378639,3583,57
4996,979291,1542,25
4997,331846,1292,22
4998,138395,1292,23
4999,405630,3250,51
5000,902629,1291,17
5001,879728,1291,24
5002,595991,1291,21
5003,441308,1458,29
5004,383163,2041,37
5005,572897,1500,30
5006,716117,1333,22
5007,181163,1334,22
5008,799777,2083,40
5009,493895,1208,19
5010,807789,1167,22
5011,76538,1500,32
5012,17501,1250,24
5013,615896,2250,43
5014,70814,2458,42
5015,14464,2250,47
5016,274922,1334,25
5017,226223,1375,28
5018,41762,2125,40
5019,967395,3542,51
5020,63407,3292,49
5021,994764,1292,23
5022,827631,4375,60
5023,417308,1250,22
5024,531220,1625,32
5025,300405,1334,27
5026,659105,1292,26
5027,747246,2375,45
5028,525388,1375,27
5029,804374,3500,57
5030,435613,1541,32
5031,444151,1583,31
5032,735902,1500,29
5033,421819,1333,28
5034,86432,1458,27
5035,671653,1500,31
5036,562629,1250,20
5037,563773,1333,26
5038,645973,1250,25
5039,160098,1125,23
5040,290947,1583,28
5041,87658,1292,27
5042,324961,1500,26
5043,82861,1209,24
5044,536142,1458,27
5045,965660,1292,23
5046,213069,1333,27
5047,847313,2417,37
5048,162925,1584,30
5049,562446,1166,23
5050,342623,1583,28
5051,409712,2209,36
5052,614924,1625,29
5053,665106,1167,20
5054,800299,1375,24
5055,875065,2167,38
5056,681407,1292,26
5057,714139,1334,21
5058,674397,1292,26
5059,69327,4792,55
5060,325237,1583,30
5061,732615,1292,24
5062,458738,1250,24
5063,765417,2208,39
5064,999742,1166,21
5065,887587,1375,24
5066,250230,2542,46
5067,60719,1250,24
5068,256356,1291,25
5069,90401,2375,42
5070,969543,1208,24
5071,455590,1500,27
5072,121621,1541,29
5073,475395,1333,29
5074,642040,1334,26
5075,638408,1292,28
5076,57702,1500,27
5077,698436,1541,30
5078,777723,1500,30
5079,690018,1500,32
5080,776637,1166,19
5081,184179,1250,25
5082,125246,1250,26
5083,13281,1333,28
5084,742288,3125,51
5085,143877,1541,31
5086,735576,2583,46
5087,11902,1334,27
5088,171791,2166,39
5089,520527,1416,23
5090,999310,1500,21
5091,363547,1375,27
5092,548411,1458,28
5093,542348,1250,28
5094,821022,1500,30
5095,862461,1292,24
5096,755778,1375,31
5097,271841,1416,28
5098,175074,1166,25
5099,389934,2041,41
5100,133097,1375,29
5101,786198,1125,23
5102,819068,1166,23
5103,915890,1958,39
5104,281820,1375,27
5105,768539,1917,39
5106,929474,1167,25
5107,123792,1250,25
5108,808904,1125,25
5109,943611,1333,27
5110,30783,1375,30
5111,351285,1375,26
5112,846314,1333,24
5113,450180,1459,31
5114,285193,1208,26
5115,549301,1458,27
5116,66975,1292,25
5117,275723,1208,26
5118,746926,1209,20
5119,604664,1166,28
5120,658016,1167,27
5121,80814,1208,23
5122,520249,1167,27
5123,477310,1209,28
5124,535594,2208,46
5125,377618,1166,28
5126,58133,1416,33
5127,523880,1166,27
5128,901105,1125,22
5129,594424,1500,31
5130,174988,1166,26
5131,385549,1375,27
5132,164952,2250,45
5133,267509,1167,22
5134,810895,1209,27
5135,107904,1166,27
5136,937709,1958,35
5137,601791,1125,28
5138,706867,1166,22
5139,757889,1333,28
5140,120937,1167,26
5141,239500,2000,39
5142,776765,2125,45
5143,533542,1167,24
5144,2694,1167,27
5145,46178,1166,24
5146,900401,1333,28
5147,904847,1166,22
5148,12885,2292,44
5149,256431,5250,68
5150,48216,1375,30
5151,494682,1125,28
5152,381658,1458,29
5153,401584,1875,43
5154,964928,1166,23
5155,157376,3000,49
5156,187655,1375,29
5157,976393,1125,20
5158,899139,1292,28
5159,37082,1333,29
5160,579721,1416,33
5161,842128,1166,24
5162,958344,1292,29
5163,748706,1083,20
5164,776645,1334,24
5165,687555,1458,30
5166,439741,1209,25
5167,235422,1458,29
5168,337434,1375,27
5169,260323,1250,25
5170,436477,2375,46
5171,960344,1125,22
5172,755277,1208,22
5173,335477,1208,24
5174,284435,1167,20
5175,866121,2292,38
5176,81671,1292,29
5177,599299,1375,25
5178,390918,1250,27
5179,125201,1291,27
5180,526429,1375,27
5181,706034,1250,20
5182,945754,1250,23
5183,55231,1292,25
5184,188057,3417,36
5185,234027,1291,26
5186,843410,1250,24
5187,540829,3208,53
5188,48160,1542,31
5189,420401,1334,29
5190,72275,2208,41
5191,919592,4750,62
5192,487687,1291,22
5193,908101,2041,38
5194,296021,2292,43
5195,811103,1584,29
5196,885886,1292,21
5197,325791,2667,44
5198,343200,1416,25
5199,90582,1333,22
5200,579959,2292,40
5201,478934,1625,30
5202,8357,1291,28
5203,386840,1500,30
5204,210419,3666,58
5205,305760,1333,22
5206,591195,1542,27
5207,822616,1334,23
5208,318673,1291,23
5209,775502,2083,37
5210,652967,2250,40
5211,254368,1542,28
5212,486463,1542,31
5213,386163,2209,40
5214,620433,2125,43
5215,517327,1416,28
5216,810144,160167,39
5217,813576,1791,25
5218,204916,1375,27
5219,768044,1333,22
5220,944184,2333,40
5221,573109,2250,37
5222,797424,1500,28
5223,834639,1458,30
5224,257035,1291,25
5225,157881,1500,34
5226,6688,1250,30
5227,977690,1208,17
5228,429955,2250,38
5229,25072,2375,47
5230,244316,1250,28
5231,567852,1500,29
5232,363252,1583,31
5233,666834,1542,27
5234,880358,1333,25
5235,727147,1584,25
5236,919810,2458,45
5237,10061,1333,26
5238,997186,1250,22
5239,351292,2500,40
5240,1534,1250,30
5241,795795,1208,24
5242,689234,1291,25
5243,394553,1208,26
5244,890248,1917,39
5245,773936,1334,31
5246,762541,1250,24
5247,322449,1125,25
5248,108999,2291,42
5249,215162,1416,28
5250,555551,1208,25
5251,249737,1375,31
5252,440209,1250,29
5253,515930,3250,62
5254,62805,1209,24
5255,149290,1333,31
5256,746222,1250,26
5257,293419,1166,27
5258,97546,2125,47
5259,46033,1333,29
5260,966027,1209,22
5261,242717,2292,44
5262,940875,1125,23
5263,886576,1416,28
5264,545008,1417,28
5265,433122,1959,44
5266,734892,2166,44
5267,939082,1291,24
5268,390587,1166,23
5269,480729,1208,26
5270,784230,1125,21
5271,89027,1083,24
5272,608983,1209,28
5273,100220,2167,44
5274,529980,1083,25
5275,140000,1375,31
5276,668170,3958,65
5277,859794,1375,26
5278,413508,1375,32
5279,78466,2083,40
5280,620648,1209,25
5281,595404,10834,68
5282,65309,2042,39
5283,456113,1541,27
5284,694623,1208,25
5285,137058,1917,36
5286,248274,1417,32
5287,305845,1166,22
5288,273669,1458,31
5289,892248,1209,19
5290,330311,1083,23
5291,971026,1167,22
5292,839718,1209,25
5293,412041,1333,31
5294,734765,1209,25
5295,872311,1208,24
5296,771074,1125,19
5297,342100,4041,54
5298,333508,1166,26
5299,474752,2333,48
5300,285167,1334,31
5301,244960,1375,27
5302,78316,1166,26
5303,989389,2208,40
5304,212560,1167,21
5305,142724,1916,43
5306,817824,1208,25
5307,807558,1417,28
5308,613111,2167,41
5309,114267,2084,29
5310,162960,1416,32
5311,110791,1125,29
5312,172360,1167,26
5313,471405,1375,29
5314,488695,1334,26
5315,329288,3000,49
5316,426260,1208,28
5317,126602,1125,24
5318,561958,1250,23
5319,375692,1459,31
5320,807757,1375,28
5321,217723,1166,24
5322,473870,1333,32
5323,323285,1125,23
5324,485855,1333,31
5325,277881,1125,27
5326,893893,1292,26
5327,125739,2041,43
5328,94814,1166,22
5329,165272,1208,26
5330,846827,1167,20
5331,719381,1334,29
5332,318993,1167,27
5333,866530,1125,23
5334,738937,1916,40
5335,730730,1125,24
5336,632609,1458,32
5337,42289,1125,26
5338,225466,1250,28
5339,876531,1125,24
5340,898183,2209,39
5341,343717,1208,23
5342,155529,1166,24
5343,95644,1083,25
5344,745703,1875,39
5345,260277,1416,31
5346,373024,1958,36
5347,415493,1417,31
5348,538402,1250,24
5349,51329,1166,30
5350,710079,1417,27
5351,313358,1209,26
5352,272805,1375,26
5353,859927,2833,47
5354,182314,1375,22
5355,32592,1667,27
5356,998346,1792,27
5357,424036,1541,29
5358,896115,1459,23
5359,474168,1708,34
5360,582960,1500,24
5361,784418,1417,24
5362,576844,2209,34
5363,261990,1125,25
5364,99327,1375,28
5365,484488,1250,23
5366,106858,3167,59
5367,842947,1334,31
5368,832370,1333,28
5369,146584,1250,27
5370,127353,1208,23
5371,12538,1166,28
5372,64665,1375,30
5373,870709,1167,23
5374,818896,1167,24
5375,233087,3333,55
5376,137065,1208,27
5377,207758,1209,25
5378,863685,1083,22
5379,390322,3291,55
5380,719623,1333,31
5381,660915,1167,26
5382,983119,1208,20
5383,676002,1334,28
5384,88122,1208,29
5385,610611,1250,26
5386,614591,1084,23
5387,271394,2042,41
5388,961994,3292,53
5389,852228,1166,19
5390,78630,1458,26
5391,22860,1209,29
5392,67604,1416,25
5393,207357,1417,31
5394,946336,1083,25
5395,677367,1416,28
5396,464972,1250,26
5397,848612,1250,30
5398,135048,1166,25
5399,96447,1125,23
5400,949044,1917,37
5401,869643,2208,44
5402,848180,1208,18
5403,347656,1125,25
5404,128480,1375,26
5405,44771,1917,40
5406,988053,1416,23
5407,483389,1208,23
5408,53098,1375,31
5409,176150,2041,40
5410,969023,1333,28
5411,601762,2209,45
5412,454198,1917,42
5413,861600,1125,20
5414,759621,1375,25
5415,414187,2000,38
5416,520227,1416,33
5417,30915,2375,48
5418,401321,1334,24
5419,716401,1333,26
5420,447390,3125,40
5421,181202,1625,25
5422,371137,1416,26
5423,225147,1542,34
5424,952427,1500,26
5425,196243,1333,27
5426,288340,1417,24
5427,293449,1584,30
5428,467677,1333,26
5429,926337,1333,21
5430,155852,1292,27
5431,36333,3375,53
5432,649254,1417,22
5433,646948,1500,31
5434,257725,1666,32
5435,678721,1375,22
5436,309441,1375,26
5437,523126,1291,28
5438,432006,1666,35
5439,925661,1458,28
5440,577439,1334,23
5441,502301,5791,80
5442,63942,2500,44
5443,91983,1583,33
5444,293367,1500,33
5445,401621,1291,28
5446,143903,1416,26
5447,439600,1375,29
5448,209147,1542,31
5449,673871,2208,34
5450,927626,3208,50
5451,835923,3292,48
5452,551357,1334,28
5453,261251,2375,41
5454,661394,1542,28
5455,841135,2209,45
5456,570066,1334,25
5457,833457,2042,41
5458,20479,1333,30
5459,401079,1375,25
5460,819899,2292,45
5461,748024,1584,29
5462,376557,2541,44
5463,502986,1459,29
5464,570969,1208,25
5465,819395,3583,50
5466,508224,2125,36
5467,360746,1500,27
5468,957012,1500,25
5469,593129,2250,37
5470,526798,4875,26
5471,337227,1583,31
5472,407248,1667,32
5473,283573,1292,22
5474,188551,1291,25
5475,27330,1666,30
5476,334368,2250,40
5477,626122,1541,24
5478,229660,1416,28
5479,30727,1250,29
5480,939278,2208,40
5481,850070,1500,29
5482,816357,2083,40
5483,294580,3459,59
5484,61438,2167,41
5485,847936,1291,20
5486,494597,1500,32
5487,555150,1541,26
5488,374796,1333,27
5489,804093,1250,25
5490,612357,1458,27
5491,244069,2208,41
5492,167379,1375,25
5493,104999,1666,33
5494,259897,2416,41
5495,688773,1375,25
5496,252868,1417,25
5497,279474,1333,25
5498,559615,1291,25
5499,855938,1333,21
5500,829673,1250,23
5501,961817,1167,22
5502,772864,3667,52
5503,58625,2500,45
5504,801165,1583,31
5505,993843,4792,68
5506,230070,1584,28
5507,603657,1500,23
5508,887625,1583,28
5509,836125,1292,21
5510,407291,1750,30
5511,372040,1333,26
5512,980635,1583,24
5513,879989,2125,35
5514,886279,1291,25
5515,182151,2209,38
5516,184655,1583,33
5517,248042,2208,40
5518,621302,1375,24
5519,333452,1291,26
5520,845373,1291,24
5521,773960,6750,93
5522,731515,3458,52
5523,376212,1375,22
5524,958378,1500,29
5525,620299,1583,26
5526,29577,1417,27
5527,737624,1292,26
5528,734592,1459,31
5529,368766,1333,22
5530,993588,1542,27
5531,595226,1334,23
5532,590985,2250,36
5533,149006,1625,30
5534,590463,1208,25
5535,994437,1167,22
5536,197378,1291,25
5537,877341,2583,44
5538,849768,2417,44
5539,924453,1250,20
5540,516138,1416,26
5541,568459,1625,28
5542,324066,3583,41
5543,184085,3334,56
5544,514260,1541,29
5545,39808,3375,51
5546,94642,1625,27
5547,58897,1334,27
5548,243924,1416,28
5549,630890,1334,25
5550,229438,1375,28
5551,20897,1584,32
5552,552022,3333,55
5553,501208,1333,25
5554,717,3167,54
5555,347849,1583,26
5556,962484,1375,21
5557,643967,1541,31
5558,211251,1375,25
5559,845620,3625,55
5560,136829,1417,24
5561,357312,1375,28
5562,751764,2167,37
5563,186081,1250,23
5564,963412,1458,26
5565,841404,1333,24
5566,885297,1625,31
5567,910392,1583,30
5568,339308,2250,35
5569,62449,1417,30
5570,22978,1542,34
5571,154888,1167,29
5572,615105,1166,23
5573,738928,1208,27
5574,961780,1375,29
5575,148534,1958,37
5576,811983,1417,30
5577,116309,1250,27
5578,887600,2250,43
5579,551861,1334,25
5580,902478,1291,29
5581,382615,1250,23
5582,76055,1125,26
5583,391739,1167,28
5584,738762,2334,40
5585,987679,2375,39
5586,694304,1500,32
5587,414813,1208,25
5588,614484,1334,27
5589,105940,1958,36
5590,352910,1166,24
5591,316424,1166,27
5592,338274,1250,21
5593,143080,1333,27
5594,165155,1459,32
5595,767927,1250,25
5596,994778,1959,31
5597,458090,1458,32
5598,830308,1334,28
5599,670319,1375,27
5600,510867,1292,27
5601,680715,1125,27
5602,332696,1250,23
5603,182665,1125,22
5604,741536,1167,23
5605,589276,1459,27
5606,727251,2041,34
5607,932814,1291,24
5608,973965,1333,23
5609,643521,1167,23
5610,825221,1208,27
5611,374159,1250,25
5612,234082,1292,22
5613,697861,3083,54
5614,617559,1500,33
5615,854018,1333,29
5616,183870,1416,24
5617,396765,1208,23
5618,321728,2291,45
5619,769650,1333,21
5620,721943,1292,24
5621,308824,1334,27
5622,133535,2291,42
5623,186341,1583,32
5624,764235,1542,31
5625,1886,1334,28
5626,994877,1292,17
5627,736110,1417,24
5628,994783,1208,20
5629,600661,1625,26
5630,410624,1334,24
5631,892084,1291,24
5632,808275,1375,25
5633,595049,1583,29
5634,33956,1625,28
5635,190927,2291,36
5636,631651,1500,26
5637,333675,1541,27
5638,965779,1375,23
5639,848096,1250,22
5640,641080,1375,25
5641,231626,1625,33
5642,670719,1292,27
5643,593023,1292,23
5644,109168,1417,28
5645,982189,1542,29
5646,520288,2250,38
5647,147476,1291,28
5648,347256,2166,36
5649,781550,1583,24
5650,81587,1250,20
5651,249557,2625,47
5652,363657,4375,63
5653,335040,2125,41
5654,176043,1375,25
5655,667091,1375,28
5656,928326,1459,24
5657,93036,2333,37
5658,743405,1334,27
5659,702572,1250,24
5660,670148,1541,33
5661,764712,2166,37
5662,929724,1583,29
5663,352059,1459,21
5664,468326,1291,24
5665,11950,3584,45
5666,278096,1291,26
5667,219870,1375,22
5668,261663,1208,25
5669,726848,1209,26
5670,71088,1375,23
5671,367507,1291,25
5672,269126,1666,32
5673,825251,1625,31
5674,113283,1833,32
5675,755409,1542,27
5676,1344,1375,28
5677,50487,1250,30
5678,404685,1375,24
5679,459508,2333,37
5680,768171,2292,36
5681,440039,2250,43
5682,927520,1333,24
5683,434131,1334,24
5684,517034,1500,28
5685,924604,2250,39
5686,397109,1625,33
5687,368293,1500,30
5688,572548,1375,23
5689,393581,1208,25
5690,106356,1459,27
5691,869068,1458,26
5692,502781,1667,31
5693,827044,1250,22
5694,906023,1375,24
5695,606136,1250,25
5696,682592,1541,29
5697,795076,1750,32
5698,720540,1500,32
5699,236541,1375,27
5700,170558,1250,27
5701,473210,1625,26
5702,77290,2625,46
5703,838017,2208,40
5704,886847,1584,26
5705,35036,1416,28
5706,309235,1375,26
5707,21054,3666,59
5708,334199,1583,30
5709,273813,1625,31
5710,997891,2208,35
5711,109813,1584,28
5712,77805,1291,25
5713,358412,2500,41
5714,178369,1334,22
5715,931064,1333,26
5716,393697,1542,26
5717,168721,3250,55
5718,767542,1417,26
5719,78646,1542,26
5720,573620,1541,25
5721,987585,1250,20
5722,941752,1291,20
5723,97628,1416,28
5724,354367,1542,25
5725,622887,3708,59
5726,643454,1541,27
5727,936616,1333,23
5728,506187,2250,35
5729,738727,1416,27
5730,32499,1375,25
5731,452276,1583,32
5732,988223,1292,22
5733,685387,1417,27
5734,173013,1250,26
5735,636819,1333,25
5736,932974,1292,22
5737,455293,1292,26
5738,164736,1291,26
5739,56158,4792,74
5740,106177,1542,32
5741,347178,1375,23
5742,215536,2250,40
5743,199213,1333,26
5744,429162,1417,26
5745,731064,2542,42
5746,581029,1333,25
5747,757112,1292,24
5748,970535,2250,36
5749,765434,1208,24
5750,566363,1417,24
5751,278151,3375,53
5752,692688,1625,28
5753,295199,1500,27
5754,311848,1666,31
5755,249088,1333,22
5756,100576,1292,29
5757,52047,1500,31
5758,411988,1334,24
5759,599545,1291,21
5760,576364,1250,23
5761,880652,1458,26
5762,514797,2583,44
5763,161051,1541,25
5764,57153,1375,25
5765,378357,1375,28
5766,4001,1291,30
5767,448378,1416,24
5768,91885,1291,30
5769,308858,1541,32
5770,863919,1333,27
5771,694179,2167,36
5772,655456,1542,30
5773,629372,2458,42
5774,503661,1375,23
5775,209375,2166,36
5776,101699,1250,23
5777,26986,1625,34
5778,217006,1250,25
5779,179131,1541,32
5780,669192,2166,40
5781,305987,1583,27
5782,85917,2459,49
5783,496575,1291,26
5784,884757,4458,56
5785,121120,1584,33
5786,323332,1292,22
5787,823003,1333,24
5788,416775,2167,39
5789,493822,1584,23
5790,512856,1542,30
5791,938348,1625,31
5792,693151,3333,53
5793,277878,1625,32
5794,95564,1667,32
5795,673046,1458,24
5796,570558,1583,25
5797,406352,1500,28
5798,193863,1459,25
5799,389044,1667,27
5800,928507,1375,25
5801,399975,1333,22
5802,387346,1167,24
5803,195647,1334,26
5804,467430,2458,40
5805,46785,2209,42
5806,276086,1583,29
5807,461102,1584,32
5808,487649,2250,36
5809,276196,1417,26
5810,237233,1375,25
5811,877741,1666,22
5812,281608,2167,40
5813,591656,1584,30
5814,64634,1250,22
5815,158472,1333,28
5816,788776,1334,22
5817,730303,1417,24
5818,699892,1333,22
5819,101401,1542,28
5820,89871,1250,25
5821,700597,1583,30
5822,360492,1584,31
5823,847439,2208,39
5824,567751,1500,31
5825,434097,1625,29
5826,793203,1458,25
5827,618373,1500,27
5828,238565,1333,25
5829,580494,1625,32
5830,63947,1542,27
5831,881640,1375,28
5832,405911,2208,41
5833,858161,1625,28
5834,547968,1458,26
5835,438968,1625,34
5836,561528,2208,34
5837,720443,2459,46
5838,909005,1333,20
5839,981847,3500,49
5840,497890,1333,25
5841,924482,1334,24
5842,247089,1625,33
5843,499398,1500,26
5844,313370,1500,29
5845,82791,1333,30
5846,413983,1334,23
5847,946631,2625,43
5848,895421,1583,31
5849,749004,1375,26
5850,36416,2292,36
5851,526492,1584,29
5852,598968,1541,29
5853,944196,1416,23
5854,541923,1291,24
5855,839334,1375,25
5856,599246,2125,39
5857,710447,1250,25
5858,650404,1167,24
5859,154611,1250,28
5860,126125,1458,27
5861,995366,3250,22
5862,793970,1625,27
5863,470853,4750,60
5864,181277,2958,35
5865,995164,9834,18
5866,175285,2000,23
5867,222183,4208,39
5868,847733,1458,21
5869,202088,1834,29
5870,132316,1708,25
5871,44749,1416,25
5872,443941,5666,71
5873,82176,1709,32
5874,716309,3541,50
5875,456543,1375,26
5876,211728,1583,26
5877,862521,5042,70
5878,657695,2459,39
5879,155062,2292,41
5880,874626,1459,26
5881,623953,1416,26
5882,270414,1875,33
5883,335282,1375,23
5884,955048,2291,36
5885,762423,2167,37
5886,958581,1625,27
5887,846562,2084,39
5888,70268,1375,22
5889,91255,2625,43
5890,406952,1375,26
5891,583391,1292,25
5892,416657,1292,25
5893,578871,1542,29
5894,341969,1500,25
5895,898236,1334,26
5896,289618,1333,24
5897,544933,1583,28
5898,480413,1583,31
5899,961714,2292,33
5900,915896,1333,24
5901,12965,1500,28
5902,824759,2541,43
5903,734436,1625,32
5904,653324,1375,20
5905,616119,1375,25
5906,547946,3791,39
5907,819657,1500,28
5908,439977,1458,27
5909,117985,1500,23
5910,434575,1375,23
5911,156912,1333,29
5912,155399,1334,29
5913,594117,1333,19
5914,616494,1292,26
5915,610982,1292,23
5916,795217,2500,42
5917,985295,1375,22
5918,105072,1458,26
5919,969858,1417,24
5920,110767,1334,29
5921,590017,10042,50
5922,817412,5459,24
5923,105897,1417,26
5924,823915,1709,32
5925,299991,1458,25
5926,909614,2459,40
5927,561653,1417,25
5928,922890,1375,25
5929,360573,2667,44
5930,920539,1416,20
5931,430850,1500,22
5932,276968,2291,38
5933,401651,1625,29
5934,686595,2625,43
5935,509173,1375,28
5936,599810,1334,23
5937,638544,1791,27
5938,496026,1333,28
5939,39286,1292,28
5940,180565,1292,27
5941,288793,1334,25
5942,422549,3958,57
5943,150841,1334,23
5944,648277,1291,21
5945,638222,1625,25
5946,713885,2083,26
5947,727357,1500,20
5948,421234,1458,27
5949,40667,1333,28
5950,415019,1416,21
5951,932787,1708,30
5952,921654,1459,25
5953,347597,1375,23
5954,724057,1291,26
5955,249120,1334,23
5956,51686,2875,45
5957,781976,2209,41
5958,498303,2666,40
5959,965566,2500,40
5960,281632,1458,24
5961,940606,1375,25
5962,390533,1500,27
5963,21216,1375,30
5964,354279,1625,25
5965,857092,1666,28
5966,832205,2291,33
5967,317777,1292,22
5968,326054,1333,22
5969,293965,1292,28
5970,883789,2792,30
5971,515501,1334,24
5972,899925,1458,28
5973,730001,1792,32
5974,718120,1584,30
5975,102989,1500,27
5976,911108,1250,25
5977,239031,1375,24
5978,140914,1375,22
5979,315077,1583,28
5980,779851,2417,37
5981,464636,1459,26
5982,811631,2333,34
5983,865939,1750,27
5984,336455,1500,25
5985,282508,1291,25
5986,764202,17708,27
5987,437018,2917,49
5988,634367,1542,24
5989,676914,3541,56
5990,93625,1458,28
5991,197065,1292,27
5992,463174,1625,27
5993,221660,1792,30
5994,957804,2416,39
5995,863995,33125,23
5996,426950,2458,22
5997,776937,2125,27
5998,507994,1750,26
5999,796387,1458,25
6000,541591,12292,30
6001,909314,2167,26
6002,392074,5958,44
6003,860900,1708,24
6004,58937,1959,27
6005,540300,5792,26
6006,829938,2042,25
6007,166695,1833,28
6008,68805,1500,26
6009,326237,1375,24
6010,744038,1416,26
6011,531414,1584,27
6012,422980,1458,27
6013,142240,4792,54
6014,818431,1625,23
6015,892648,1375,20
6016,549754,1625,27
6017,922048,1333,25
6018,596297,2750,45
6019,30355,2375,41
6020,182177,1333,22
6021,202128,2292,39
6022,917694,1250,25
6023,873391,1667,32
6024,210478,1292,26
6025,877634,1625,28
6026,60427,1375,25
6027,261610,1458,23
6028,34678,1542,28
6029,478622,4459,45
6030,53016,1250,26
6031,962626,1666,21
6032,377881,2291,40
6033,738863,1584,28
6034,208782,6333,81
6035,287287,1625,28
6036,386245,1500,24
6037,863509,1334,24
6038,486769,1666,28
6039,529664,2250,40
6040,416225,2625,41
6041,666276,2500,43
6042,967913,1333,22
6043,129891,2333,40
6044,714264,1625,33
6045,32048,1583,33
6046,390560,1542,32
6047,512531,2541,47
6048,622900,1375,26
6049,467774,1625,26
6050,186210,1500,27
6051,912766,1583,23
6052,497636,1334,27
6053,615389,1541,26
6054,578116,1375,19
6055,366750,1458,23
6056,360972,1375,28
6057,171457,1709,29
6058,878344,1291,21
6059,937943,1417,21
6060,271225,2667,43
6061,785343,1292,25
6062,871231,1292,20
6063,722313,2375,41
6064,94783,2250,39
6065,298917,1458,26
6066,28784,1584,28
6067,405344,1583,31
6068,52063,1334,28
6069,170821,1583,32
6070,895297,2292,41
6071,600057,1334,22
6072,817712,2208,38
6073,224730,3750,55
6074,898747,1666,28
6075,232104,2167,36
6076,678828,1417,27
6077,236048,1375,25
6078,710615,1583,27
6079,216774,1291,24
6080,282155,1584,28
6081,683239,2333,40
6082,429400,1583,27
6083,538215,1500,29
6084,21027,1459,26
6085,906631,1625,31
6086,818208,1334,23
6087,804859,1416,23
6088,715339,1584,30
6089,9331,2375,43
6090,497127,1416,24
6091,955794,1542,25
6092,138742,2792,42
6093,678819,1292,28
6094,181615,2125,41
6095,630344,1417,23
6096,839768,1542,31
6097,8875,8125,29
6098,234640,1667,22
6099,264651,1917,32
6100,637895,5459,63
6101,844194,1750,21
6102,988813,1375,24
6103,320298,1750,34
6104,747363,2041,30
6105,743827,1375,26
6106,673963,1416,27
6107,288756,1708,28
6108,444394,1584,27
6109,938982,2875,41
6110,394764,2750,41
6111,892953,1375,19
6112,365649,1667,31
6113,264240,2333,32
6114,228809,1417,26
6115,489369,1416,26
6116,316823,1416,30
6117,710092,3667,50
6118,545929,1458,26
6119,864353,1625,23
6120,653899,1208,18
6121,416445,1667,31
6122,612880,3625,55
6123,107283,1584,29
6124,7705,1458,28
6125,536362,1417,24
6126,694531,1542,26
6127,884248,2167,35
6128,880153,1375,26
6129,392409,1292,25
6130,588731,2458,38
6131,678788,2250,43
6132,622616,1292,26
6133,638636,1458,27
6134,296409,2750,29
6135,312975,2334,41
6136,717660,1292,28
6137,113356,1583,29
6138,505140,1334,26
6139,66939,1750,31
6140,352619,1333,24
6141,289914,5084,49
6142,671713,1750,32
6143,340931,2583,42
6144,903340,1292,22
6145,290335,1208,19
6146,273833,1625,30
6147,687992,1625,27
6148,745636,1583,28
6149,998442,1458,19
6150,935722,1334,21
6151,683113,1334,27
6152,313306,1375,27
6153,197510,2750,38
6154,157213,1583,30
6155,542422,1542,25
6156,802659,2834,43
6157,251975,1583,31
6158,943391,5792,76
6159,59533,1333,26
6160,844555,2458,34
6161,898961,2708,40
6162,841340,1625,28
6163,849377,1459,26
6164,629181,1416,23
6165,423728,1416,25
6166,692617,1334,23
6167,335110,2750,47
6168,713825,2416,37
6169,146727,1667,28
6170,756321,1625,25
6171,26692,2417,41
6172,687238,1334,27
6173,521534,1500,25
6174,309964,1333,25
6175,272029,1375,23
6176,950966,1750,26
6177,438898,1333,26
6178,424253,1667,33
6179,407136,1750,30
6180,772520,1541,22
6181,37035,1375,29
6182,611345,2834,46
6183,742465,1500,28
6184,599830,1583,28
6185,855654,1584,29
6186,199141,1458,29
6187,359837,1458,26
6188,761843,1334,26
6189,748022,1625,27
6190,233165,1333,26
6191,719657,2334,41
6192,560606,1416,22
6193,669321,1458,25
6194,823025,4709,63
6195,498845,1375,25
6196,950562,1625,30
6197,986362,1416,25
6198,704506,1334,26
6199,375912,1625,31
6200,314778,2375,37
6201,886487,2416,41
6202,178244,1833,30
6203,881474,1583,31
6204,689559,1417,23
6205,919072,1334,22
6206,585366,1375,26
6207,189935,1541,26
6208,308055,2458,41
6209,102345,1333,27
6210,493650,2375,38
6211,134160,1334,27
6212,776910,1666,28
6213,271217,1416,25
6214,760414,2291,37
6215,847610,1334,22
6216,586188,1291,24
6217,799978,1500,27
6218,956957,1333,24
6219,191962,2292,40
6220,992922,2625,43
6221,712731,1375,24
6222,943290,1333,25
6223,351937,1625,28
6224,686225,1333,26
6225,93638,1750,31
6226,233050,1542,32
6227,372542,2750,49
6228,234177,2583,41
6229,780361,1500,21
6230,913763,1625,25
6231,322003,1791,31
6232,440898,1625,31
6233,826373,1541,26
6234,929923,2541,39
6235,347412,1625,29
6236,389738,1333,25
6237,273217,1334,21
6238,614016,1375,23
6239,308335,1458,30
6240,486289,2750,45
6241,892563,1416,22
6242,123503,1708,26
6243,493394,1292,26
6244,56285,1417,24
6245,908480,1375,21
6246,665214,1625,25
6247,611923,1666,33
6248,608503,1417,29
6249,990172,1459,21
6250,650804,1666,27
6251,74676,1459,28
6252,932631,1334,22
6253,203994,1375,23
6254,524789,3000,47
6255,125637,2667,42
6256,909638,1541,27
6257,713764,1333,25
6258,400210,1625,32
6259,555576,1958,28
6260,312849,1584,27
6261,433175,7375,82
6262,56689,2625,46
6263,913152,2291,38
6264,895736,1334,24
6265,158103,2500,42
6266,144038,1334,24
6267,210027,2250,41
6268,359316,1458,27
6269,429069,163166,38
6270,597063,1666,22
6271,936216,1750,31
6272,950661,2542,40
6273,479799,1458,22
6274,150182,1750,25
6275,331753,3625,53
6276,904286,1542,27
6277,750433,1375,26
6278,189118,1291,25
6279,816780,1375,21
6280,84737,1583,29
6281,511266,1625,28
6282,348788,1375,26
6283,661686,1666,27
6284,185414,1500,25
6285,328639,1666,29
6286,665321,3542,48
6287,60832,1458,26
6288,4943,1625,32
6289,474013,2333,41
6290,286815,2250,37
6291,219554,1500,30
6292,798170,1666,29
6293,811118,1375,22
6294,176796,2541,47
6295,604273,3708,62
6296,801620,1334,26
6297,166132,6458,66
6298,513359,1500,23
6299,823354,1334,25
6300,800661,1583,28
6301,817630,1292,23
6302,92319,1458,28
6303,135692,2625,47
6304,644329,1625,30
6305,454780,3375,49
6306,664260,1709,31
6307,450269,1583,33
6308,422989,1542,29
6309,449866,1416,22
6310,500591,3375,51
6311,401937,1708,34
6312,4896,1583,34
6313,39558,1583,28
6314,559712,2250,38
6315,209101,1292,27
6316,766152,1334,25
6317,391226,1375,27
6318,996220,1250,22
6319,14761,1292,23
6320,935337,2333,40
6321,337865,1541,33
6322,793613,1666,33
6323,873704,1625,31
6324,556830,2250,41
6325,199835,1625,30
6326,18787,1542,22
6327,709622,1542,25
6328,4325,1458,35
6329,657129,1333,24
6330,769239,1375,24
6331,260910,1625,30
6332,237257,1625,27
6333,727214,1291,24
6334,919586,1334,24
6335,361077,1791,31
6336,327253,1333,26
6337,135194,1375,25
6338,107698,1667,31
6339,402182,1583,33
6340,527787,1458,24
6341,617266,2417,43
6342,320985,3708,58
6343,175134,2166,38
6344,68459,1541,32
6345,863863,1625,26
6346,47940,1291,22
6347,312688,2333,39
6348,994536,1417,20
6349,304956,1667,34
6350,478074,1542,27
6351,763188,1375,24
6352,545562,2625,38
6353,625340,1542,26
6354,549578,2333,37
6355,354246,2292,37
6356,454731,1417,27
6357,931109,2458,40
6358,720142,1417,25
6359,140289,6959,90
6360,359382,1625,29
6361,945170,1334,24
6362,513990,1291,20
6363,376702,1375,23
6364,786554,1458,25
6365,197580,1334,23
6366,172893,1333,25
6367,994139,1459,27
6368,950948,1333,22
6369,962809,1334,21
6370,851453,1416,24
6371,422987,2208,41
6372,20054,2167,41
6373,239514,1959,34
6374,235218,1459,30
6375,762492,1291,26
6376,137580,1166,22
6377,221450,2292,48
6378,769736,1167,21
6379,618338,1208,28
6380,529147,1167,20
6381,177194,1167,24
6382,129145,1209,28
6383,384399,1208,25
6384,745653,1417,31
6385,682142,1208,27
6386,830606,1125,27
6387,39179,3125,43
6388,393418,1416,33
6389,919124,1416,25
6390,671426,2250,40
6391,268215,1167,27
6392,808714,1417,30
6393,560709,2250,41
6394,653405,1458,24
6395,50948,1458,30
6396,622775,1292,27
6397,50291,2917,57
6398,694126,1209,27
6399,113366,1958,37
6400,685316,1458,32
6401,876736,1333,27
6402,20701,1250,29
6403,50579,1125,27
6404,723256,1167,25
6405,121415,3125,54
6406,437021,1250,26
6407,465898,1375,26
6408,398725,2458,41
6409,129599,1416,30
6410,573868,1458,30
6411,265016,1375,34
6412,497441,2250,45
6413,735963,1417,30
6414,160566,1292,29
6415,215478,1250,27
6416,728962,1167,28
6417,719051,1167,27
6418,660930,2000,42
6419,9757,1208,28
6420,315744,1250,27
6421,441316,1416,29
6422,693806,1208,28
6423,105886,1208,27
6424,694664,1291,25
6425,545584,1125,23
6426,283092,1166,26
6427,653051,2291,41
6428,635054,1666,29
6429,143827,1208,24
6430,439171,1209,21
6431,871003,1416,26
6432,942274,1125,20
6433,110011,2000,36
6434,536436,1333,24
6435,753682,2291,46
6436,647704,1916,38
6437,123454,1917,40
6438,296440,1292,29
6439,119551,1416,24
6440,822881,1208,25
6441,111426,1166,26
6442,521918,1375,28
6443,208297,1166,28
6444,638585,1458,33
6445,209453,1125,25
6446,815750,1250,25
6447,275770,1291,27
6448,871890,1167,25
6449,548559,1416,26
6450,211470,1125,25
6451,375309,1166,27
6452,737607,1375,31
6453,429661,1167,24
6454,309699,1459,35
6455,168164,1166,27
6456,41320,1208,25
6457,574766,1250,26
6458,520466,1084,24
6459,954579,1416,25
6460,217783,2000,40
6461,721635,1166,24
6462,978452,4042,40
6463,504013,1542,30
6464,346664,2208,38
6465,245897,2208,47
6466,2872,1125,25
6467,13369,1417,28
6468,704259,2333,38
6469,93327,1416,33
6470,950933,1459,27
6471,115796,1250,25
6472,875805,1250,25
6473,602043,1250,22
6474,701521,1208,24
6475,518106,1167,24
6476,156390,2375,46
6477,995567,1458,21
6478,94459,1500,25
6479,817393,2416,39
6480,536562,4291,57
6481,78694,1541,26
6482,758712,1791,28
6483,758725,2500,40
6484,106211,2041,41
6485,948730,1166,25
6486,268323,3083,53
6487,675637,2125,42
6488,242390,1250,28
6489,478939,1250,27
6490,310402,1208,29
6491,276956,1125,27
6492,486831,1125,23
6493,52513,1458,30
6494,104658,1417,28
6495,852680,2333,45
6496,183189,1167,23
6497,916603,1208,26
6498,41361,1166,28
6499,893648,3125,54
6500,304682,1958,45
6501,377713,1292,27
6502,840535,1959,38
6503,709642,1416,31
6504,327898,1416,29
6505,446689,1166,26
6506,774416,1208,24
6507,121532,1209,25
6508,99614,1375,28
6509,892597,1375,25
6510,795035,4709,59
6511,933539,1375,25
6512,48119,1417,32
6513,10143,1167,30
6514,893386,1166,25
6515,145118,1375,28
6516,695579,1166,25
6517,678637,1416,28
6518,178796,1208,23
6519,344626,1500,30
6520,374895,1208,25
6521,937981,1375,27
6522,458977,1250,25
6523,652012,1417,25
6524,281343,2083,38
6525,921149,1250,23
6526,768678,1458,30
6527,97467,1292,28
6528,390723,2875,52
6529,854552,1416,31
6530,359371,1416,30
6531,191753,1167,26
6532,119362,1250,23
6533,420246,2000,38
6534,419693,1208,27
6535,478716,2250,41
6536,285038,2166,45
6537,876304,1416,28
6538,404453,1500,30
6539,723416,1208,26
6540,891994,1459,26
6541,501477,1083,24
6542,838755,3125,54
6543,442227,2125,45
6544,680365,1500,33
6545,929169,1167,22
6546,835621,1041,27
6547,174881,1167,28
6548,118549,1209,25
6549,138949,1208,23
6550,729988,3917,63
6551,761698,1417,32
6552,61496,1167,24
6553,988249,1417,26
6554,885365,1209,23
6555,167139,1167,26
6556,108752,1333,27
6557,436237,1250,27
6558,955491,1333,30
6559,619447,1375,30
6560,506122,1208,22
6561,841236,1167,22
6562,596581,1417,30
6563,711347,1334,25
6564,459448,1208,25
6565,190066,1458,29
6566,641019,2084,41
6567,398198,1416,26
6568,817013,1125,19
6569,376019,1375,30
6570,641056,1208,25
6571,30217,1292,30
6572,904477,2083,36
6573,717713,2167,46
6574,922695,1334,27
6575,879270,1166,27
6576,762607,1125,25
6577,935082,1208,26
6578,137003,1209,26
6579,506546,1417,27
6580,965108,1333,24
6581,511834,1125,24
6582,118424,3125,52
6583,930710,1125,20
6584,431263,1291,32
6585,462095,2208,40
6586,48206,2209,43
6587,66413,1500,31
6588,274321,2000,37
6589,686790,1417,32
6590,329503,1208,28
6591,12961,1334,34
6592,738794,1583,30
6593,910513,1333,25
6594,710860,1167,22
6595,550312,1167,20
6596,804813,1292,27
6597,779747,1375,29
6598,604661,1291,27
6599,758932,1166,24
6600,592459,1333,32
6601,234866,1250,22
6602,702383,4250,73
6603,915558,1958,37
6604,354734,1291,22
6605,544316,1291,22
6606,548514,1958,36
6607,721674,1125,25
6608,734612,1875,38
6609,648271,1291,26
6610,99869,3000,56
6611,453874,1208,25
6612,693857,1375,31
6613,761950,1375,29
6614,260652,1375,27
6615,505340,2000,39
6616,362545,1500,28
6617,695952,1125,23
6618,709148,2041,41
6619,672562,3833,55
6620,403573,5125,77
6621,155876,1167,25
6622,879790,3083,51
6623,866583,1375,24
6624,585467,1416,32
6625,935395,1333,26
6626,642687,1209,22
6627,57217,1166,24
6628,12211,1208,28
6629,674653,2000,36
6630,979760,5875,57
6631,164551,2084,42
6632,530127,1250,24
6633,890080,1208,25
6634,492086,1333,24
6635,893252,1417,30
6636,519921,1334,25
6637,911649,1125,24
6638,173439,1125,26
6639,78502,1542,30
6640,787932,1209,21
6641,515531,1125,24
6642,336209,1333,22
6643,252594,4209,65
6644,346969,2042,42
6645,52797,1208,29
6646,531554,1375,26
6647,233525,1250,29
6648,577237,1208,27
6649,674568,1166,26
6650,397031,2333,40
6651,422867,1167,28
6652,856795,2458,40
6653,246416,1208,29
6654,82660,3209,58
6655,481396,1417,31
6656,465766,1375,29
6657,840184,1209,26
6658,600871,3083,55
6659,469866,1208,26
6660,92296,1417,32
6661,898199,1167,25
6662,522670,3083,47
6663,468785,1292,32
6664,331415,1292,28
6665,124474,1208,29
6666,781440,1209,23
6667,685112,1958,40
6668,18633,1250,25
6669,107630,1375,26
6670,423038,1375,27
6671,432369,1250,28
6672,37573,1416,31
6673,584195,2041,42
6674,575772,1458,32
6675,178,1125,30
6676,866029,1958,37
6677,95311,1250,27
6678,830245,2000,42
6679,633554,2208,44
6680,649138,1375,30
6681,668508,1291,28
6682,319395,1250,26
6683,933349,1417,25
6684,533031,1458,29
6685,589649,1375,27
6686,216900,1291,25
6687,686394,1375,29
6688,704092,1208,22
6689,478369,1208,27
6690,996520,2292,38
6691,357412,3000,55
6692,380993,1458,30
6693,56912,1167,29
6694,856256,1167,26
6695,233747,1375,33
6696,885332,1291,24
6697,476536,1375,29
6698,348099,1208,27
6699,587361,1417,34
6700,804695,1334,30
6701,649864,3125,49
6702,629095,2292,45
6703,496117,1500,31
6704,751471,1208,26
6705,689090,3250,56
6706,380942,1375,26
6707,750690,1292,30
6708,474515,1292,25
6709,119563,1292,24
6710,102171,2041,42
6711,796205,1209,22
6712,690918,1208,24
6713,232519,1208,29
6714,2304,1209,26
6715,357939,1208,28
6716,372391,3167,49
6717,870197,2042,39
6718,664442,1917,38
6719,838770,1250,25
6720,306167,1417,35
6721,574296,2000,37
6722,547342,1208,21
6723,392053,1250,25
6724,736202,2208,41
6725,111487,1500,31
6726,48002,1458,29
6727,940444,1500,30
6728,172130,2083,41
6729,516343,2000,37
6730,147272,1916,35
6731,861761,1250,22
6732,751679,1416,29
6733,778580,1875,37
6734,756610,1292,27
6735,429089,1208,22
6736,112158,1250,27
6737,266642,2125,39
6738,640525,1291,26
6739,205439,1416,31
6740,196654,1375,24
6741,126612,1208,27
6742,975403,2000,34
6743,893591,1916,37
6744,411982,2875,50
6745,226062,1416,34
6746,479248,1208,25
6747,864608,1875,33
6748,819379,1125,21
6749,199837,2250,46
6750,751607,1333,29
6751,354350,1500,31
6752,113001,1208,26
6753,793929,1375,31
6754,434604,2167,24
6755,48760,1167,25
6756,971639,1209,20
6757,664001,1208,27
6758,878147,1167,26
6759,704792,1166,25
6760,617414,1291,28
6761,129205,2291,45
6762,809653,1416,31
6763,935073,2416,45
6764,472389,1209,28
6765,479606,1333,28
6766,690442,1916,37
6767,617943,1250,28
6768,528690,9875,43
6769,141177,1208,22
6770,523060,4084,54
6771,4549,2125,44
6772,556128,1208,28
6773,771977,1416,31
6774,50932,1166,29
6775,980742,1416,27
6776,453835,2042,39
6777,879563,1125,24
6778,613544,1458,33
6779,506391,2000,39
6780,969274,1375,24
6781,533026,3958,65
6782,819024,1167,22
6783,954395,3041,48
6784,185811,1958,39
6785,725424,1250,26
6786,606659,1250,30
6787,182086,1250,22
6788,765980,1416,31
6789,854846,1166,25
6790,134619,1375,29
6791,108585,2333,47
6792,406225,2083,37
6793,689462,1291,24
6794,629719,1250,27
6795,635606,1167,28
6796,925574,1208,21
6797,337478,1458,26
6798,528598,1167,24
6799,924205,2292,41
6800,403349,1167,25
6801,439002,1167,25
6802,638577,1209,26
6803,960402,1125,22
6804,726156,1209,27
6805,799408,1125,24
6806,260298,1500,33
6807,286887,1208,23
6808,417197,1375,28
6809,359514,1250,24
6810,308464,1375,33
6811,474844,1250,23
6812,843891,1167,22
6813,139851,1417,26
6814,144893,1542,33
6815,432795,2125,40
6816,631793,1208,22
6817,734019,1209,26
6818,929497,1208,25
6819,784783,1417,27
6820,537180,1125,24
6821,313434,1166,27
6822,884028,1208,25
6823,735571,1209,27
6824,574417,1208,27
6825,902518,1375,29
6826,329160,2041,37
6827,746455,2209,45
6828,772611,1458,25
6829,980956,1459,27
6830,580473,4083,71
6831,663312,1334,26
6832,227901,2041,40
6833,210648,1250,28
6834,219900,1208,28
6835,654488,1166,20
6836,749087,2958,53
6837,304695,1208,28
6838,719965,1166,27
6839,362067,1208,24
6840,965940,1208,21
6841,705035,1292,27
6842,139117,1500,29
6843,744905,2958,49
6844,681665,1875,40
6845,186451,1291,23
6846,528371,1417,30
6847,568844,2375,45
6848,728039,1958,37
6849,667815,1209,27
6850,338042,2333,40
6851,744859,1125,27
6852,121012,2000,38
6853,797731,2042,40
6854,369349,1333,29
6855,589594,1416,32
6856,503705,1375,25
6857,611117,1167,26
6858,598358,1166,25
6859,988465,1375,24
6860,699566,1417,26
6861,744619,1166,22
6862,437758,3042,52
6863,706996,1334,27
6864,784198,2250,41
6865,937287,1167,24
6866,882261,1333,28
6867,559838,1250,28
6868,299818,3041,40
6869,920102,2959,51
6870,888460,1125,24
6871,442905,1250,25
6872,847569,1041,23
6873,13391,1500,28
6874,548123,1166,21
6875,111643,1500,31
6876,26500,1250,26
6877,399372,1208,26
6878,152387,1250,25
6879,55643,1416,27
6880,702813,1167,23
6881,59355,1125,27
6882,209613,2000,38
6883,279948,1250,28
6884,786627,2292,43
6885,823691,1375,28
6886,168753,1375,28
6887,300539,1292,25
6888,716587,1417,28
6889,262733,1250,27
6890,153542,1292,27
6891,880156,1208,24
6892,65047,1208,26
6893,724142,1167,27
6894,822459,1209,25
6895,309478,1375,30
6896,213911,1166,30
6897,790201,1375,31
6898,567461,1500,34
6899,33876,1375,30
6900,376106,2041,39
6901,853569,1166,25
6902,474580,1375,29
6903,107459,1166,23
6904,646037,1541,27
6905,910202,3166,54
6906,708341,1334,29
6907,775415,1166,24
6908,589180,1166,27
6909,906853,1333,29
6910,235204,1375,30
6911,778477,1166,25
6912,678554,1416,30
6913,588535,1375,33
6914,407778,1250,22
6915,249137,1417,26
6916,535741,2042,40
6917,822406,1375,30
6918,835541,1333,32
6919,837626,1083,25
6920,729944,1167,27
6921,301611,1417,28
6922,726597,2417,46
6923,696773,1417,31
6924,49262,1250,25
6925,971490,1083,24
6926,400119,2125,40
6927,406381,1333,31
6928,436802,1209,25
6929,826395,1375,29
6930,718431,1208,28
6931,327842,1459,32
6932,578945,2250,42
6933,56416,1167,25
6934,13596,4334,73
6935,779795,1292,23
6936,263551,1292,27
6937,212953,1250,24
6938,650707,1500,30
6939,911056,1333,21
6940,818860,1084,24
6941,902242,1375,27
6942,912385,1292,29
6943,464587,1458,30
6944,870301,1125,23
6945,236505,2208,42
6946,955763,1292,28
6947,664576,1125,24
6948,738858,2250,42
6949,744013,2042,41
6950,679092,1167,30
6951,385605,1500,32
6952,791788,1458,29
6953,616967,2042,38
6954,573168,1209,30
6955,774321,1292,28
6956,632698,1166,28
6957,206013,1458,34
6958,813849,1167,24
6959,760128,1209,23
6960,202898,1250,26
6961,308468,2333,45
6962,470617,1375,24
6963,186045,1291,23
6964,715820,3208,56
6965,78087,1375,28
6966,196060,3125,53
6967,182238,1208,25
6968,770787,1166,24
6969,538808,1125,19
6970,125152,1500,31
6971,395522,1167,26
6972,42609,1209,27
6973,449324,1291,27
6974,292671,1500,33
6975,583636,1416,30
6976,277076,1417,30
6977,136385,1209,24
6978,168747,2000,38
6979,612354,1458,32
6980,887111,1166,25
6981,267404,1250,28
6982,5920,1167,27
6983,346621,1292,27
6984,488984,2167,45
6985,744164,1250,25
6986,983035,1250,21
6987,162326,1459,28
6988,41881,1208,27
6989,161170,1959,35
6990,973738,2333,41
6991,338303,1375,25
6992,625875,1666,34
6993,53326,2250,37
6994,811243,1375,26
6995,977674,1250,22
6996,655745,4500,52
6997,645513,2458,43
6998,884097,1625,29
6999,694043,1500,28
7000,315784,1625,26
7001,514380,1334,24
7002,828279,1291,21
7003,600496,1583,32
7004,576885,1375,27
7005,375480,1583,32
7006,76422,1584,28
7007,822117,1500,28
7008,742058,1333,27
7009,333300,1625,32
7010,550917,1291,20
7011,230647,1583,28
7012,192801,1542,24
7013,545896,1583,26
7014,71489,1334,26
7015,824452,1458,31
7016,529679,1292,23
7017,167113,1209,27
7018,436136,1375,25
7019,569461,1458,25
7020,563124,1375,31
7021,423014,2458,41
7022,96412,1250,25
7023,366376,1333,27
7024,231943,1333,24
7025,926309,1542,28
7026,223718,1333,28
7027,695557,1416,26
7028,348006,1375,24
7029,347149,1375,25
7030,378324,1375,26
7031,307836,1459,31
7032,229057,1250,24
7033,996471,1375,19
7034,789217,1333,23
7035,648315,1667,29
7036,556269,1625,31
7037,497924,1292,23
7038,588603,2500,45
7039,863700,1334,23
7040,788670,1542,28
7041,680841,1459,30
7042,9232,2500,45
7043,120295,1375,23
7044,701433,1500,26
7045,362815,2125,35
7046,467316,1375,28
7047,252024,1666,30
7048,948434,1583,30
7049,673463,1416,28
7050,643513,1583,28
7051,963230,4458,67
7052,651304,2250,41
7053,255672,1542,31
7054,41815,2209,43
7055,715707,1375,25
7056,928682,3084,51
7057,336527,1416,25
7058,399899,1375,23
7059,960425,2083,35
7060,834884,1917,42
7061,990892,1375,23
7062,118882,1250,26
7063,404621,1167,24
7064,269055,1208,26
7065,566480,3291,60
7066,759144,1416,27
7067,296568,1375,30
7068,25906,1500,33
7069,955605,1375,29
7070,541976,2000,34
7071,862044,1292,25
7072,807922,1958,35
7073,393173,1209,25
7074,539293,1208,25
7075,533448,1167,24
7076,467201,1500,33
7077,510452,3166,53
7078,45982,1250,26
7079,310834,1333,30
7080,941917,3292,52
7081,683177,1333,30
7082,201864,1250,29
7083,335873,1458,27
7084,538858,1125,20
7085,86346,1250,25
7086,994273,3042,50
7087,100618,1333,27
7088,175527,1166,24
7089,810884,1208,20
7090,564108,1416,28
7091,559107,1125,26
7092,7687,2958,55
7093,657387,1291,27
7094,68653,2041,41
7095,221021,1458,31
7096,702898,1459,26
7097,660094,1208,26
7098,811160,1458,31
7099,223531,1250,29
7100,906967,1417,28
7101,718700,1166,24
7102,444816,2250,23
7103,876259,2209,44
7104,108976,1250,27
7105,215566,1458,31
7106,563877,1375,30
7107,869006,1416,29
7108,736880,1125,21
7109,921318,1125,21
7110,777389,1333,25
7111,812864,1291,26
7112,456380,1500,31
7113,677969,1416,31
7114,856430,1333,26
7115,985401,1334,24
7116,75624,2959,51
7117,783172,9375,21
7118,719369,1375,29
7119,161224,1208,21
7120,24907,3209,54
7121,481533,1458,29
7122,751691,1375,25
7123,347829,1458,32
7124,39727,1250,26
7125,91773,1458,31
7126,76807,1500,32
7127,56905,1625,33
7128,186639,1542,27
7129,832795,1583,28
7130,264145,1417,26
7131,585194,1375,25
7132,73864,1541,35
7133,602892,1292,23
7134,861531,1542,26
7135,238704,1459,28
7136,955239,1500,26
7137,271213,1625,32
7138,427434,2541,46
7139,406882,2208,38
7140,473040,1500,31
7141,660831,1292,27
7142,424095,1167,21
7143,454060,1250,27
7144,331774,1333,28
7145,17712,2167,43
7146,408423,1250,25
7147,706005,1375,24
7148,124053,1333,28
7149,560815,1334,29
7150,6186,1291,26
7151,672581,1291,26
7152,755275,1458,30
7153,648387,1542,29
7154,66310,1667,30
7155,792683,2542,37
7156,782187,1292,27
7157,614055,1459,28
7158,47728,1625,33
7159,734929,1333,26
7160,889456,1458,25
7161,76116,1334,25
7162,375076,1625,27
7163,973129,1208,23
7164,527263,1417,23
7165,111292,1250,25
7166,303916,4541,68
7167,825116,1292,27
7168,719196,2125,39
7169,315990,1500,27
7170,636031,1333,28
7171,90708,1250,23
7172,295193,2416,45
7173,802449,1500,27
7174,971706,1459,23
7175,458937,2208,40
7176,399942,1542,26
7177,414307,1500,30
7178,862058,2041,33
7179,692819,1416,26
7180,32317,1583,30
7181,497013,1417,26
7182,163918,2042,34
7183,559382,1542,29
7184,230546,1583,33
7185,143007,1375,28
7186,783029,1458,26
7187,409986,1459,29
7188,835475,1416,27
7189,836224,1166,22
7190,890732,2417,44
7191,572234,1500,31
7192,309308,1292,28
7193,664846,1333,22
7194,151075,2250,36
7195,312535,1291,26
7196,710190,7500,29
7197,930064,1333,22
7198,958576,1167,20
7199,833636,1334,28
7200,909262,1625,29
7201,764753,1375,26
7202,679415,1500,29
7203,391256,1333,25
7204,995587,2209,35
7205,11692,1625,29
7206,580413,1375,29
7207,917260,1250,21
7208,582033,1166,23
7209,148242,1500,27
7210,129222,1375,25
7211,43803,1625,32
7212,5275,1375,29
7213,600539,2167,38
7214,625638,2500,48
7215,413225,1542,30
7216,563245,5750,86
7217,574123,2417,40
7218,992980,1250,22
7219,89262,1333,27
7220,319492,2500,40
7221,220257,1625,31
7222,784646,1583,28
7223,777447,1542,28
7224,947438,1292,26
7225,761201,3375,54
7226,360555,2250,40
7227,222023,1416,30
7228,432700,1375,27
7229,949620,3625,57
7230,677309,1584,34
7231,892820,2416,39
7232,537451,1250,22
7233,149376,1291,24
7234,168773,1375,27
7235,192931,1500,29
7236,231513,1500,25
7237,646851,1458,29
7238,875298,1500,32
7239,265019,1333,30
7240,203766,1500,33
7241,120191,2334,38
7242,190168,1458,28
7243,703572,1584,31
7244,838505,1333,22
7245,594850,2125,36
7246,893651,1292,26
7247,57031,1542,30
7248,892745,1209,20
7249,787525,1625,32
7250,977661,1458,26
7251,575513,1292,21
7252,483672,1375,26
7253,675991,1334,23
7254,576366,1458,26
7255,76698,1584,34
7256,304772,1375,28
7257,704314,1291,27
7258,70635,1334,25
7259,262866,1583,33
7260,102973,1375,27
7261,207008,4000,56
7262,760836,1708,26
7263,608799,2125,27
7264,510857,1667,27
7265,997762,1750,23
7266,346923,2084,34
7267,374487,2334,42
7268,134444,1625,32
7269,703905,1541,30
7270,687314,1625,28
7271,245926,2416,27
7272,104905,1542,33
7273,298988,1375,26
7274,649610,1375,27
7275,73200,2291,42
7276,943843,1416,25
7277,333223,1333,24
7278,509463,1500,27
7279,472537,3584,61
7280,344296,4125,71
7281,646282,1250,28
7282,691455,1416,30
7283,320524,1208,24
7284,727144,1291,28
7285,612547,2333,47
7286,159798,1459,32
7287,593025,2250,41
7288,594398,1209,27
7289,382200,1375,32
7290,846935,1209,24
7291,331700,1958,39
7292,449113,1917,36
7293,176832,1375,28
7294,5067,1458,34
7295,328430,1459,28
7296,258134,1375,34
7297,823825,2000,36
7298,232287,1250,28
7299,746795,1208,24
7300,775754,1208,23
7301,671968,1375,30
7302,457310,1916,38
7303,290120,1417,28
7304,880920,1417,26
7305,376949,1250,28
7306,140830,1125,24
7307,712592,1375,29
7308,768578,2250,39
7309,347669,1208,24
7310,920531,1250,26
7311,503269,1958,37
7312,485332,1333,29
7313,466992,2834,48
7314,376168,1208,28
7315,812403,2292,38
7316,320311,1459,30
7317,510627,1458,32
7318,578470,1375,28
7319,114120,1375,32
7320,184309,3583,53
7321,676910,1958,44
7322,636096,2250,44
7323,85956,1417,33
7324,882684,1166,25
7325,294248,1416,33
7326,900427,2000,39
7327,866590,1167,23
7328,146803,1209,27
7329,934593,2000,38
7330,564782,1125,25
7331,205974,1333,29
7332,276022,2041,41
7333,769178,1250,24
7334,929391,1250,24
7335,657058,1250,24
7336,80177,2000,43
7337,762761,1167,22
7338,79063,1333,31
7339,935441,1167,24
7340,19536,1208,29
7341,890857,1208,23
7342,531816,2042,42
7343,662309,1209,22
7344,32710,3083,55
7345,852118,1458,26
7346,610157,1375,30
7347,607022,1916,41
7348,424815,1416,30
7349,806565,1458,29
7350,618698,1959,39
7351,223096,1250,28
7352,950329,1125,25
7353,38437,1208,27
7354,578389,3000,54
7355,273277,1291,25
7356,569869,1375,28
7357,937413,1375,26
7358,565893,1334,31
7359,495037,3208,54
7360,685673,1334,26
7361,812854,1250,24
7362,155853,1125,26
7363,383589,1208,25
7364,411565,1458,29
7365,234154,1208,28
7366,934741,1167,20
7367,618242,1167,28
7368,768845,1417,28
7369,898802,1167,25
7370,305135,1250,27
7371,140385,1208,22
7372,487275,2042,26
7373,525466,1250,27
7374,535206,1375,23
7375,94953,1500,32
7376,416060,1250,21
7377,381541,2041,40
7378,526561,1083,25
7379,11107,1459,30
7380,694869,1958,36
7381,250485,1208,23
7382,889174,1417,31
7383,845719,1125,25
7384,643864,2084,35
7385,717396,1250,27
7386,173900,1458,27
7387,793989,2000,38
7388,539112,1375,25
7389,147190,1208,25
7390,467897,2125,38
7391,166957,1209,23
7392,187848,1167,22
7393,593869,1208,25
7394,994797,1375,25
7395,593298,1167,24
7396,691445,1459,32
7397,914563,1208,23
7398,153301,3041,56
7399,771668,1875,38
7400,767563,1459,29
7401,506991,1208,22
7402,984797,1958,39
7403,376225,1500,30
7404,42384,1291,25
7405,229449,1458,29
7406,798462,1917,41
7407,511330,1250,26
7408,243008,1208,27
7409,65915,1375,34
7410,277199,1167,24
7411,387381,1958,37
7412,245387,1458,33
7413,44888,2291,40
7414,701063,2000,39
7415,216819,3000,54
7416,543043,1417,31
7417,951820,1458,27
7418,829907,1416,30
7419,378800,1166,26
7420,406946,1166,22
7421,492490,1458,27
7422,962490,1250,28
7423,476729,2208,39
7424,924375,1125,22
7425,48694,1333,29
7426,41844,1209,27
7427,680028,4208,71
7428,339814,1250,22
7429,108240,3292,39
7430,737921,1291,26
7431,546700,1416,31
7432,664344,1375,29
7433,869949,1125,21
7434,286781,1500,29
7435,875428,3334,56
7436,777949,1125,23
7437,276107,1208,29
7438,606740,1292,29
7439,570793,1917,41
7440,597857,1167,24
7441,182295,1500,29
7442,394957,1166,26
7443,685429,1375,33
7444,396906,1375,25
7445,383042,1375,31
7446,616226,1208,27
7447,685074,1208,26
7448,941859,1209,24
7449,876053,1208,25
7450,81619,1209,23
7451,541761,1166,22
7452,263808,2083,42
7453,394610,1125,23
7454,951313,1375,27
7455,233727,2209,48
7456,541456,1291,30
7457,425557,1416,32
7458,370041,1166,27
7459,856935,1375,25
7460,909870,2042,39
7461,361793,1208,28
7462,510512,1958,42
7463,831162,1125,23
7464,505530,1250,24
7465,930268,1208,23
7466,633562,1166,28
7467,6919,2291,44
7468,526215,1333,26
7469,924880,1875,37
7470,145719,2083,37
7471,461268,1416,27
7472,173651,1500,28
7473,241163,1250,25
7474,80833,1209,25
7475,539536,3000,52
7476,674735,1167,22
7477,294451,2375,46
7478,221792,1375,36
7479,157539,1250,25
7480,195985,1375,24
7481,165002,1250,28
7482,379819,1416,27
7483,631265,1291,24
7484,752147,1417,29
7485,856640,1417,30
7486,124079,1458,31
7487,693224,3375,42
7488,241536,1250,25
7489,434754,1458,25
7490,850577,1208,26
7491,346266,1167,28
7492,755243,1167,23
7493,118845,1334,31
7494,504907,1250,21
7495,708030,2250,43
7496,502074,1291,24
7497,502291,1958,39
7498,220940,2125,42
7499,619490,1250,26
7500,169079,1417,30
7501,678701,2458,42
7502,873847,2333,43
7503,430860,2125,44
7504,23537,1417,30
7505,255507,2042,43
7506,45241,1166,24
7507,134098,3375,53
7508,601345,1125,23
7509,621122,1416,30
7510,168957,1375,32
7511,141269,1375,26
7512,660121,2042,40
7513,537545,1167,23
7514,41095,1334,30
7515,934070,1250,24
7516,600068,1333,30
7517,154000,1208,27
7518,58628,2250,42
7519,174422,1250,23
7520,270805,1458,35
7521,967256,2000,40
7522,188784,1125,21
7523,541738,1333,27
7524,425152,1417,33
7525,628472,1292,26
7526,590983,1166,23
7527,668596,1375,30
7528,19525,1333,34
7529,921184,1209,24
7530,754501,1167,25
7531,763337,1125,24
7532,693890,1166,25
7533,861199,1208,25
7534,297224,1500,30
7535,993268,1208,23
7536,89914,2250,41
7537,227115,1291,30
7538,471024,1125,23
7539,635989,1208,28
7540,494313,1167,21
7541,909433,1417,27
7542,505066,1125,22
7543,178853,1125,24
7544,230020,3083,54
7545,870700,1333,23
7546,430721,1166,23
7547,630026,1167,25
7548,149645,2042,37
7549,833216,3417,60
7550,610949,1917,37
7551,860308,1083,22
7552,804772,1958,36
7553,190720,1917,36
7554,653485,1250,23
7555,691692,2166,43
7556,535618,1208,24
7557,175869,1417,27
7558,759365,1209,26
7559,718895,1291,28
7560,359317,1375,29
7561,967157,1125,20
7562,475498,1458,30
7563,625511,1292,28
7564,619285,1250,24
7565,72188,1417,27
7566,240978,1292,28
7567,396584,1666,28
7568,404187,1542,30
7569,138636,1584,30
7570,113845,2291,42
7571,17368,1333,28
7572,212178,1584,30
7573,548103,1250,24
7574,901348,1375,23
7575,953512,2208,33
7576,528860,1291,24
7577,717612,1625,28
7578,440187,2125,35
7579,866663,1583,26
7580,156827,1417,26
7581,634925,1625,28
7582,100977,1584,30
7583,186041,1625,27
7584,498986,2125,36
7585,945405,1541,27
7586,644611,1583,34
7587,628951,1500,28
7588,40933,1666,33
7589,920391,2084,41
7590,821946,1541,33
7591,557245,2541,46
7592,527779,2125,39
7593,788931,3250,54
7594,123225,1416,26
7595,97717,1500,31
7596,505667,1541,25
7597,691424,1375,27
7598,136660,1416,33
7599,945800,1250,23
7600,632790,6500,54
7601,565483,2167,39
7602,867720,1333,23
7603,1259,5458,82
7604,940541,1375,27
7605,983287,1291,22
7606,812511,1375,24
7607,711522,1375,26
7608,680769,1333,23
7609,452458,1584,30
7610,547404,1625,27
7611,441120,1667,32
7612,388369,1542,24
7613,917320,2167,42
7614,45549,1334,30
7615,731532,1292,28
7616,555553,2541,43
7617,449794,1416,22
7618,240634,1708,35
7619,984007,1500,24
7620,841273,1500,25
7621,505544,1541,27
7622,827910,1333,25
7623,806011,4584,68
7624,399756,3333,52
7625,367545,2167,37
7626,617662,2583,47
7627,843707,1584,31
7628,777408,2208,39
7629,951960,1375,26
7630,798532,1292,24
7631,877858,1542,25
7632,730551,1333,27
7633,604107,2125,40
7634,102464,1583,33
7635,446158,2459,40
7636,140387,2125,36
7637,266882,1375,28
7638,500319,1416,24
7639,803062,2500,45
7640,243808,1583,34
7641,954294,1542,31
7642,900783,1416,24
7643,87890,1416,27
7644,297027,1583,31
7645,627355,4500,61
7646,919357,1584,29
7647,570144,1542,25
7648,428498,1375,25
7649,270329,2250,41
7650,198203,1333,24
7651,5736,1334,29
7652,743597,1333,26
7653,779770,1333,26
7654,827770,1500,29
7655,7460,1333,27
7656,606064,3375,54
7657,547924,2500,41
7658,123553,2458,46
7659,545010,2125,36
7660,7544,1417,29
7661,393248,2291,38
7662,686342,2333,41
7663,215398,1584,30
7664,721176,1291,26
7665,843357,1500,30
7666,331247,1334,29
7667,428706,1250,23
7668,379868,1541,27
7669,111761,4375,63
7670,162298,1375,26
7671,446769,1292,22
7672,683227,1541,29
7673,613806,1375,25
7674,265954,3541,59
7675,273996,1292,27
7676,896509,1333,25
7677,562147,1291,20
7678,444137,1416,28
7679,592100,1541,29
7680,383406,2208,36
7681,641604,1375,26
7682,288947,1500,28
7683,713667,1541,29
7684,416761,2000,35
7685,791646,1375,25
7686,213589,1667,36
7687,433302,1208,23
7688,578924,1375,25
7689,821862,1500,30
7690,584647,1250,23
7691,505905,3708,56
7692,187402,1541,28
7693,388197,1458,28
7694,586253,2000,34
7695,581867,1334,25
7696,507260,1333,24
7697,266106,1375,27
7698,321550,1333,23
7699,605712,1459,23
7700,361084,1250,25
7701,811802,1500,25
7702,739765,1417,26
7703,417470,1125,19
7704,771524,1334,26
7705,144776,1416,29
7706,896532,1583,28
7707,905792,1334,24
7708,691309,1458,27
7709,124871,1542,32
7710,784141,1292,25
7711,240933,2584,46
7712,468289,2083,41
7713,821150,4459,70
7714,733282,1375,23
7715,995356,1333,24
7716,169655,1375,27
7717,105150,2041,36
7718,224876,1334,28
7719,533037,1458,24
7720,420019,1459,30
7721,824266,1333,22
7722,354878,1375,28
7723,839757,1291,22
7724,577322,1500,28
7725,643853,1416,24
7726,730918,1583,27
7727,717818,1666,28
7728,741123,1583,32
7729,54582,1292,28
7730,168547,2458,46
7731,408005,1583,26
7732,666765,1375,28
7733,5548,1542,34
7734,843443,1541,28
7735,95514,1542,27
7736,863246,1542,32
7737,152388,1542,30
7738,494581,1375,26
7739,970837,2375,41
7740,629403,2333,37
7741,456527,1667,32
7742,92423,3584,54
7743,67194,2500,44
7744,275872,1417,28
7745,232543,2250,41
7746,388849,1333,20
7747,83928,1542,30
7748,638614,2500,47
7749,39590,1500,32
7750,759688,1666,31
7751,402996,2208,40
7752,975894,1334,23
7753,420107,4292,50
7754,643790,1291,25
7755,688050,7667,38
7756,546314,3292,49
7757,300385,1667,32
7758,746173,1708,31
7759,626496,1416,24
7760,60255,2250,42
7761,991655,1666,22
7762,811188,3291,53
7763,860073,3208,49
7764,183786,2667,41
7765,671395,1334,26
7766,518383,1291,22
7767,460296,1583,30
7768,11231,2291,40
7769,211506,2291,41
7770,891885,1375,22
7771,688794,1375,27
7772,975971,1417,24
7773,842961,1500,32
7774,543324,1625,29
7775,299900,2583,45
7776,204207,2208,46
7777,35242,1458,26
7778,822042,2083,39
7779,628637,1292,23
7780,535349,2125,41
7781,540870,2083,37
7782,732378,1542,27
7783,242925,1292,28
7784,645074,1625,32
7785,177716,1625,25
7786,706766,1500,31
7787,37813,1500,35
7788,377215,1583,34
7789,250879,1375,26
7790,686838,1541,34
7791,302,1500,33
7792,165093,1583,27
7793,91062,2125,40
7794,289341,2292,40
7795,817547,1292,23
7796,418837,1417,33
7797,370282,1416,27
7798,702192,1291,24
7799,414338,2167,39
7800,425147,2417,47
7801,614550,1417,24
7802,210041,1375,29
7803,542893,2375,43
7804,16113,1333,26
7805,772723,1334,26
7806,737802,1583,28
7807,71951,1375,24
7808,963828,1291,21
7809,94546,1375,26
7810,576290,2500,43
7811,298314,1250,25
7812,761412,1333,27
7813,870072,1292,21
7814,586274,1209,22
7815,959457,1333,23
7816,611249,1375,27
7817,365005,1375,26
7818,364355,1333,25
7819,855130,2542,40
7820,289940,1500,28
7821,237289,1500,29
7822,635819,2208,43
7823,203975,1542,33
7824,476850,1292,24
7825,974876,1667,28
7826,423580,1166,23
7827,602834,1583,29
7828,4878,2334,40
7829,273792,1292,25
7830,183538,1375,23
7831,426912,1542,28
7832,530830,1542,25
7833,111637,1292,26
7834,585767,1250,23
7835,75903,1625,32
7836,527612,1333,25
7837,308546,1334,29
7838,356481,1250,25
7839,993018,3458,35
7840,122693,1417,23
7841,841946,1250,18
7842,538221,2125,35
7843,270212,1375,25
7844,918672,1375,27
7845,564033,1250,20
7846,852647,1250,27
7847,831929,1167,24
7848,602820,1459,32
7849,262293,1125,26
7850,727913,1250,30
7851,464277,2125,42
7852,395398,2041,41
7853,590526,1209,26
7854,507123,1916,36
7855,807370,1458,29
7856,255091,1417,32
7857,794269,1167,24
7858,356161,1959,43
7859,813275,1417,30
7860,481138,1375,28
7861,714704,1958,41
7862,483101,2000,38
7863,940074,1208,23
7864,615333,3041,53
7865,903897,1500,28
7866,28680,2000,37
7867,505383,1167,23
7868,121917,1208,28
7869,270344,1209,30
7870,70836,2375,46
7871,401262,1458,32
7872,664443,2250,46
7873,826966,2000,36
7874,231088,1291,25
7875,709795,1250,22
7876,735237,1375,27
7877,241100,1250,30
7878,839031,1333,25
7879,331068,1417,34
7880,432460,1417,31
7881,370249,1542,31
7882,541594,1125,25
7883,561672,1250,23
7884,10196,1250,29
7885,734862,1375,32
7886,872601,1500,33
7887,276143,1375,33
7888,260317,2250,47
7889,301245,1209,27
7890,97528,2166,46
7891,418310,1458,24
7892,706424,1875,37
7893,785162,1500,33
7894,860960,1417,29
7895,358606,1458,29
7896,79722,2000,42
7897,581490,1166,21
7898,976640,1166,21
7899,187156,2042,41
7900,499705,1167,22
7901,329120,1167,24
7902,370712,2042,38
7903,229184,1458,29
7904,937759,1375,29
7905,601582,1333,25
7906,282147,4084,69
7907,191664,2000,40
7908,993126,1250,23
7909,782402,1375,33
7910,716290,1292,25
7911,975444,2167,44
7912,954129,1958,35
7913,199406,1917,31
7914,523239,1334,26
7915,772919,1375,27
7916,209366,1250,29
7917,246270,3042,50
7918,771154,1334,23
7919,253815,1166,24
7920,915137,1291,28
7921,278298,1250,25
7922,216824,1333,30
7923,240342,1375,28
7924,212617,1208,26
7925,875499,1209,27
7926,261825,1125,24
7927,876961,1125,25
7928,648646,3041,54
7929,373322,1291,25
7930,163574,1208,23
7931,816777,1334,26
7932,111872,1208,24
7933,125702,1250,28
7934,964888,1291,26
7935,82301,1208,27
7936,708641,1250,26
7937,695651,1375,31
7938,516597,1208,27
7939,643645,1375,31
7940,6946,1208,22
7941,801369,2292,41
7942,898724,1417,25
7943,567777,1166,23
7944,44317,1291,28
7945,889204,1375,29
7946,505720,1208,25
7947,389228,1416,26
7948,650818,1292,28
7949,330739,1250,25
7950,516257,1167,26
7951,941749,1209,23
7952,923783,1167,24
7953,940573,1958,41
7954,602428,2000,39
7955,910971,1166,23
7956,288079,1417,34
7957,514647,1084,25
7958,191756,1250,24
7959,801388,1250,22
7960,960503,2125,23
7961,535963,1250,27
7962,293881,1333,26
7963,417207,1084,24
7964,232882,1291,28
7965,786610,1291,25
7966,604678,1208,24
7967,134476,1125,24
7968,56779,2042,40
7969,551274,2959,55
7970,838096,1417,23
7971,443733,1250,27
7972,501555,1209,26
7973,985300,1250,26
7974,567037,1166,25
7975,34145,2041,41
7976,526884,2000,40
7977,364159,1583,31
7978,412843,1167,25
7979,902195,1375,30
7980,719679,1250,23
7981,813595,1375,24
7982,183292,1583,28
7983,479405,1292,28
7984,126216,1250,27
7985,732163,2000,39
7986,543378,1250,24
7987,482419,1958,35
7988,330985,2334,48
7989,722690,1208,24
7990,8828,1166,27
7991,12395,1833,40
7992,706849,1334,25
7993,220990,1208,26
7994,397860,1416,28
7995,609232,1458,32
7996,105642,1167,22
7997,341245,1167,26
7998,379168,1208,25
7999,642545,1250,25
8000,903707,3291,55
8001,272316,1458,26
8002,196244,1500,24
8003,575211,1291,25
8004,275618,2541,48
8005,248659,1500,27
8006,282496,1375,25
8007,494242,1375,24
8008,642866,4541,68
8009,359763,1542,31
8010,383700,1209,22
8011,192848,1333,22
8012,522999,1625,33
8013,444537,1541,31
8014,220760,1542,34
8015,439451,1291,26
8016,734751,5916,86
8017,788735,1542,28
8018,390395,1291,27
8019,382813,1292,27
8020,895826,1584,27
8021,420052,1333,29
8022,293213,3584,59
8023,472624,1292,26
8024,188628,1583,29
8025,599167,1334,26
8026,137510,1375,25
8027,603868,1334,26
8028,719336,1208,27
8029,239670,1334,26
8030,853741,1583,28
8031,104722,1500,26
8032,755830,2250,40
8033,283063,1292,25
8034,843147,2458,43
8035,247260,1334,27
8036,582317,2125,41
8037,453215,3667,58
8038,897905,2208,36
8039,399386,1584,29
8040,205588,1375,30
8041,152929,1542,28
8042,838901,2250,38
8043,774418,2291,36
8044,156813,1625,31
8045,495963,1458,32
8046,844805,1458,31
8047,10216,1583,33
8048,185187,1375,25
8049,441997,3250,55
8050,523867,1584,27
8051,141004,1583,30
8052,936662,1584,29
8053,890650,3375,48
8054,661287,1416,26
8055,542122,1292,23
8056,559922,1209,25
8057,755563,2125,36
8058,331065,1375,26
8059,823482,1375,22
8060,510259,1583,31
8061,314609,1291,29
8062,263166,1375,28
8063,589445,1542,25
8064,900205,1250,22
8065,595418,1291,26
8066,50027,4625,64
8067,417755,2500,37
8068,103783,1666,33
8069,724088,2375,43
8070,171277,2416,45
8071,62953,1666,32
8072,225934,1333,23
8073,853351,1584,31
8074,266643,1500,27
8075,499688,1333,26
8076,879726,2250,37
8077,660459,1375,28
8078,100980,1542,29
8079,471707,1417,27
8080,780763,2500,30
8081,350913,4042,56
8082,272388,1500,26
8083,378497,1333,26
8084,377809,2375,44
8085,587570,1583,32
8086,584573,2417,43
8087,977110,1667,31
8088,849364,3667,53
8089,270234,2125,37
8090,360858,1292,24
8091,20799,1375,28
8092,431763,1666,34
8093,127127,1541,27
8094,368146,1375,22
8095,909502,2375,39
8096,712598,2208,39
8097,634993,1583,31
8098,208623,1584,31
8099,604876,1291,27
8100,603870,1459,29
8101,681434,1541,33
8102,680664,1583,30
8103,564594,1459,28
8104,183018,1708,31
8105,818214,1417,22
8106,298434,1375,29
8107,372359,1375,28
8108,340882,1583,34
8109,705894,2250,39
8110,535240,1292,28
8111,511175,1292,27
8112,812379,1542,28
8113,772304,1375,23
8114,468641,1292,27
8115,932848,1250,25
8116,82217,2333,36
8117,399582,1333,28
8118,643474,1375,25
8119,300442,1291,27
8120,486280,4542,67
8121,662399,1417,23
8122,151885,1584,28
8123,910435,1416,21
8124,175716,1500,27
8125,671698,2291,42
8126,846953,1625,29
8127,973673,1458,25
8128,353778,1542,29
8129,442307,1375,28
8130,661939,1542,31
8131,642054,2375,43
8132,599406,1542,26
8133,424435,1583,32
8134,890137,1250,24
8135,951136,2125,37
8136,74810,1666,33
8137,82955,2083,43
8138,169869,1541,30
8139,360318,3666,59
8140,239304,3666,62
8141,328710,1583,30
8142,332271,1292,23
8143,684734,3167,57
8144,305510,1292,28
8145,744944,1500,28
8146,280466,1333,29
8147,634793,1583,35
8148,675959,1584,28
8149,414665,1375,21
8150,284425,1334,26
8151,930813,1333,23
8152,466510,1334,27
8153,818911,1583,25
8154,904719,1292,23
8155,984372,2166,33
8156,380806,1291,23
8157,784226,1375,28
8158,615430,1375,25
8159,546241,1291,26
8160,472162,1541,27
8161,434099,1541,31
8162,175446,3333,52
8163,192819,1459,27
8164,895707,1541,30
8165,24224,1416,29
8166,131114,1250,22
8167,763125,2292,42
8168,246025,1333,24
8169,694181,1541,29
8170,263872,1375,27
8171,986121,1292,20
8172,780010,1541,25
8173,734734,1375,27
8174,786160,2583,43
8175,83954,1458,29
8176,220801,1584,34
8177,175019,1583,29
8178,416333,1250,20
8179,108014,1416,26
8180,100196,2208,37
8181,66892,1375,29
8182,982300,1375,24
8183,921375,1333,21
8184,575075,1416,31
8185,56441,1291,27
8186,27646,1417,30
8187,808383,1208,25
8188,416298,1167,23
8189,549436,1209,21
8190,802157,1167,24
8191,87296,1208,29
8192,108977,1458,30
8193,275202,1459,29
8194,648128,1458,29
8195,162817,1208,26
8196,88407,2042,40
8197,686642,1416,31
8198,976843,1166,19
8199,928484,1250,26
8200,408784,1917,37
8201,324399,1250,24
8202,240498,1125,25
8203,259415,1334,31
8204,773423,1375,25
8205,297980,3375,41
8206,464688,1292,28
8207,656913,1250,27
8208,132553,2083,36
8209,137655,1417,26
8210,552330,1084,23
8211,879250,1291,26
8212,178896,1416,26
8213,29960,1083,22
8214,36863,2000,45
8215,695782,1500,32
8216,374176,1333,29
8217,902163,2250,46
8218,959733,1166,25
8219,340999,2250,44
8220,906223,1417,31
8221,499285,1250,24
8222,489888,1166,26
8223,913204,1250,22
8224,566844,1375,32
8225,980270,1334,24
8226,285648,1166,24
8227,575192,1375,31
8228,466454,1500,32
8229,141679,1417,25
8230,994560,1166,23
8231,731511,1166,22
8232,565485,1125,25
8233,185637,1375,27
8234,619532,1125,26
8235,626613,1416,23
8236,478721,1541,29
8237,661702,1333,26
8238,785291,1667,31
8239,666739,1625,33
8240,919910,1375,25
8241,591381,1583,25
8242,456107,1542,30
8243,548888,1333,22
8244,670865,1333,25
8245,670594,1542,31
8246,559714,2625,45
8247,324704,1375,26
8248,953076,1250,22
8249,364033,2625,48
8250,505049,1583,28
8251,565884,2250,42
8252,238162,2250,44
8253,843798,1584,26
8254,93905,3000,23
8255,463325,1583,27
8256,322824,1542,27
8257,383552,1250,23
8258,432228,1583,31
8259,272428,2209,36
8260,163282,1333,24
8261,318320,1334,28
8262,11069,1708,30
8263,97,2417,44
8264,548737,1583,27
8265,854988,1292,22
8266,795129,1417,24
8267,889137,2291,40
8268,142922,1333,29
8269,360590,1375,24
8270,300693,1291,27
8271,491990,1583,33
8272,561092,1541,29
8273,8722,1500,32
8274,721180,1542,28
8275,966880,1500,28
8276,515828,2541,47
8277,992957,1291,23
8278,792171,1291,24
8279,500242,2209,39
8280,314165,1541,28
8281,9577,1333,30
8282,803073,1334,25
8283,451345,1291,23
8284,836727,1458,28
8285,307152,1500,28
8286,626004,1291,24
8287,242447,1542,33
8288,835472,1458,29
8289,7569,2125,37
8290,574843,1542,28
8291,391795,2375,44
8292,197732,1500,25
8293,431737,1458,30
8294,925014,1334,25
8295,587784,3208,52
8296,458340,1292,23
8297,413928,2417,41
8298,262036,2500,48
8299,171201,1375,26
8300,749667,1250,27
8301,772925,2083,38
8302,677371,1417,26
8303,408655,1250,24
8304,868669,1333,21
8305,396738,1375,25
8306,231308,1541,30
8307,275755,1333,27
8308,83058,1375,28
8309,442751,1458,27
8310,655699,1292,25
8311,251199,1291,26
8312,541705,1333,25
8313,801677,1375,21
8314,838818,1375,25
8315,954157,1375,26
8316,643004,1541,33
8317,846804,2500,40
8318,727633,1291,28
8319,717898,2166,42
8320,285072,1333,26
8321,298506,1292,26
8322,679957,2417,45
8323,779016,4875,54
8324,557784,1334,24
8325,848098,1333,25
8326,281881,2250,44
8327,432962,2541,41
8328,197133,1375,23
8329,894941,1583,28
8330,71790,1625,32
8331,191268,2333,45
8332,143261,2167,43
8333,303663,1458,29
8334,115718,1333,26
8335,667831,5708,83
8336,477462,1667,31
8337,647737,2250,42
8338,474761,2208,41
8339,285354,1625,32
8340,734499,1333,26
8341,653005,2250,37
8342,515896,1375,27
8343,196912,1500,24
8344,336220,2208,35
8345,20338,2167,41
8346,159541,1292,24
8347,52043,1417,28
8348,560958,1625,31
8349,23206,1542,31
8350,194970,1292,22
8351,107242,1541,34
8352,295819,1291,29
8353,282272,1292,29
8354,749938,1500,28
8355,459714,1333,26
8356,762428,1791,31
8357,8603,1375,24
8358,244120,1625,33
8359,94579,2292,36
8360,158004,1375,27
8361,15441,1375,28
8362,517556,1292,26
8363,227739,2417,47
8364,358522,2167,41
8365,440657,2125,40
8366,326712,278541,38
8367,823893,1417,26
8368,838298,2458,46
8369,522606,1208,25
8370,389439,2375,38
8371,486209,1250,24
8372,730790,1417,28
8373,829869,2208,44
8374,33279,1250,27
8375,346291,1541,31
8376,84121,1417,29
8377,884523,2042,37
8378,787030,1208,25
8379,997872,1292,26
8380,153185,1291,28
8381,58761,1250,28
8382,279450,1291,24
8383,813332,2000,39
8384,411485,1458,29
8385,74853,1417,33
8386,569579,1959,40
8387,492985,1333,25
8388,190426,1209,25
8389,201529,1292,29
8390,939209,1291,23
8391,882418,2208,40
8392,262228,1209,26
8393,856950,2250,43
8394,400113,1167,23
8395,868486,1166,26
8396,13229,1250,27
8397,127886,2250,46
8398,805460,1209,27
8399,749399,1917,37
8400,261056,1292,25
8401,403490,1125,21
8402,808689,1375,31
8403,464479,1250,29
8404,259169,3291,61
8405,773450,1250,28
8406,35139,1250,25
8407,208856,1209,27
8408,483221,1166,28
8409,771042,2291,40
8410,808448,1375,31
8411,98525,1458,28
8412,546454,1334,25
8413,698360,2000,39
8414,218573,1917,45
8415,495794,1208,27
8416,408025,1375,26
8417,714545,1333,27
8418,327271,2167,43
8419,981693,1292,23
8420,338757,1250,26
8421,166317,1334,24
8422,659727,2291,35
8423,763612,1333,25
8424,44236,1667,34
8425,780901,1417,24
8426,982958,1500,25
8427,576277,2833,24
8428,546231,1458,26
8429,128075,1333,25
8430,265618,3792,59
8431,504606,2291,42
8432,669537,1625,27
8433,313329,1500,29
8434,208377,1542,35
8435,377935,1334,28
8436,930632,1583,31
8437,54618,1625,29
8438,905611,1500,25
8439,699081,1334,21
8440,228368,1333,26
8441,118415,3375,39
8442,247429,1375,26
8443,663654,1584,32
8444,455252,1375,23
8445,340278,1292,23
8446,15800,1542,28
8447,175491,1375,28
8448,832979,1458,28
8449,289512,1292,26
8450,613100,1250,24
8451,125462,3542,61
8452,415036,1375,26
8453,827478,2125,43
8454,254898,2375,47
8455,9364,1500,35
8456,44034,1625,31
8457,609304,2125,38
8458,821534,1375,26
8459,724306,1375,20
8460,498358,1416,22
8461,721847,2125,39
8462,625174,1500,28
8463,162521,4458,61
8464,389440,1250,24
8465,808240,2208,39
8466,93827,1542,29
8467,260805,1542,31
8468,165359,1292,22
8469,524204,1416,24
8470,95842,1500,31
8471,719266,1542,32
8472,648697,1333,27
8473,354862,1334,30
8474,976066,1334,21
8475,796457,1291,26
8476,655499,1500,29
8477,62970,3541,54
8478,62679,1583,29
8479,372788,1542,33
8480,675886,2125,40
8481,161396,1334,23
8482,735396,1291,21
8483,562408,1791,27
8484,829913,1375,28
8485,112609,1584,31
8486,131940,1541,33
8487,511541,1291,26
8488,243978,2291,38
8489,332126,1416,26
8490,585473,1625,29
8491,826868,1416,25
8492,675961,1291,26
8493,793455,1541,27
8494,364190,1416,25
8495,844655,1250,24
8496,935116,1291,22
8497,460031,1666,28
8498,768805,1583,30
8499,202339,2625,51
8500,22391,2208,43
8501,722731,1250,21
8502,396120,1333,23
8503,375566,3584,58
8504,759588,2375,42
8505,141277,2166,39
8506,262875,1667,32
8507,942317,1292,22
8508,41407,2584,47
8509,508877,1250,21
8510,740952,1333,22
8511,458753,1292,28
8512,586180,1292,23
8513,309031,1584,30
8514,569098,1542,29
8515,730898,1458,28
8516,513899,1333,25
8517,198995,1583,26
8518,594230,1583,32
8519,195693,2125,36
8520,570028,1291,24
8521,364553,1416,28
8522,339404,1583,28
8523,767980,1417,27
8524,491148,2500,47
8525,288699,1458,27
8526,909810,1375,25
8527,871734,1375,29
8528,627762,1292,21
8529,958896,1583,30
8530,902364,1375,26
8531,581457,1500,28
8532,168133,1375,27
8533,72223,1584,30
8534,556938,1333,22
8535,162556,1250,24
8536,471214,1417,28
8537,310036,2584,45
8538,859223,1333,25
8539,276142,1459,27
8540,567916,2500,39
8541,384946,1500,25
8542,476137,1375,29
8543,755,1291,26
8544,813609,1291,23
8545,669019,1250,24
8546,530536,2291,38
8547,397456,1333,27
8548,769296,1334,26
8549,194547,1250,21
8550,925822,1250,24
8551,19630,1541,32
8552,649839,1250,27
8553,898451,1333,25
8554,381761,1292,24
8555,813713,1458,24
8556,650325,1291,28
8557,250386,1375,27
8558,336273,1291,27
8559,756028,1416,24
8560,66419,1375,28
8561,690267,1375,22
8562,565137,2500,41
8563,858836,1500,31
8564,406314,1250,21
8565,199093,1458,29
8566,549527,1292,24
8567,716413,1334,22
8568,521719,1375,24
8569,802931,1292,23
8570,578256,2417,27
8571,161619,1416,27
8572,642819,1291,22
8573,296883,2292,42
8574,338271,2459,45
8575,429712,1583,28
8576,672037,1333,25
8577,337667,1584,28
8578,115831,1500,28
8579,100933,1333,27
8580,548616,1541,28
8581,690898,2583,40
8582,69919,1417,27
8583,45904,1375,29
8584,875764,1416,28
8585,983355,1250,23
8586,136079,2208,41
8587,187317,1292,25
8588,915924,1250,26
8589,32793,1250,27
8590,211896,1291,28
8591,112256,1250,24
8592,508948,1208,19
8593,200925,1334,26
8594,103551,1208,24
8595,33363,1541,29
8596,598750,2291,38
8597,672926,1333,28
8598,876924,2375,44
8599,407476,1667,30
8600,689881,1625,32
8601,513708,2125,39
8602,551364,1333,26
8603,654281,1334,23
8604,735382,1167,25
8605,618976,1292,26
8606,268372,1292,29
8607,51471,2167,44
8608,384151,3042,54
8609,231445,4291,70
8610,635389,1416,30
8611,752716,1166,25
8612,74317,1458,34
8613,13722,1167,27
8614,975397,1417,25
8615,965776,1292,29
8616,218878,1167,30
8617,687604,1375,26
8618,515277,2250,44
8619,973502,1375,28
8620,932989,1375,25
8621,872497,3125,55
8622,83841,1416,35
8623,490796,1250,23
8624,839931,1166,25
8625,669953,1250,25
8626,63649,1250,24
8627,378459,1250,27
8628,585127,1916,40
8629,779593,1166,25
8630,983820,1375,25
8631,933685,1333,28
8632,436159,2041,39
8633,861958,1333,24
8634,386997,1125,22
8635,832832,1500,33
8636,742847,2208,43
8637,61133,1208,26
8638,863653,1417,32
8639,646902,1416,32
8640,278728,2000,40
8641,554719,1333,30
8642,42628,2250,49
8643,769970,1166,25
8644,73808,1416,34
8645,874992,1166,27
8646,318668,1458,29
8647,81722,1250,27
8648,990489,2166,37
8649,226388,1459,31
8650,544720,1166,23
8651,101837,1125,23
8652,106143,1208,26
8653,760398,1166,23
8654,242240,1083,24
8655,557488,1417,30
8656,404049,1417,30
8657,198664,2042,36
8658,202501,1209,31
8659,551753,1167,27
8660,688785,2208,46
8661,260847,1459,31
8662,597718,1375,30
8663,655701,2042,42
8664,993530,1125,19
8665,187589,1166,26
8666,585550,1166,22
8667,785588,1375,28
8668,585254,1333,31
8669,435353,1166,25
8670,782352,4041,68
8671,110640,1250,27
8672,803507,1166,27
8673,669647,2000,42
8674,604571,1375,27
8675,375352,1250,28
8676,707257,1250,21
8677,481004,1542,32
8678,736678,1375,24
8679,697558,2625,39
8680,447821,1500,31
8681,925709,1500,29
8682,109160,1542,28
8683,174913,2167,42
8684,830957,1375,28
8685,189160,1541,29
8686,576681,1333,25
8687,421064,1542,34
8688,529209,1334,22
8689,353908,2292,44
8690,689473,1375,23
8691,165861,4709,54
8692,559836,1375,25
8693,629058,1291,25
8694,464532,4666,72
8695,978867,1375,21
8696,369439,1583,29
8697,946325,1375,26
8698,330464,1542,32
8699,576803,1459,27
8700,340425,1291,23
8701,885894,1416,26
8702,389777,1542,25
8703,432374,1417,29
8704,801306,3416,52
8705,664002,1541,30
8706,451505,1583,31
8707,866287,2459,42
8708,761128,1500,31
8709,339163,1291,25
8710,637968,1375,27
8711,252416,1417,30
8712,590501,2292,38
8713,572131,1333,22
8714,224320,1375,29
8715,393283,1292,27
8716,802904,1458,26
8717,576968,3250,50
8718,971136,1334,24
8719,780747,1250,22
8720,266432,1375,29
8721,377497,1375,27
8722,474380,1709,29
8723,469238,1541,25
8724,416380,1333,24
8725,206,1584,28
8726,761595,2000,32
8727,36347,1625,24
8728,298302,2042,35
8729,624703,1875,30
8730,17095,1958,32
8731,542753,1625,25
8732,141648,1500,25
8733,933573,2375,38
8734,316504,3458,56
8735,6888,1292,27
8736,314923,1584,29
8737,232666,1291,24
8738,225259,1375,28
8739,897288,1333,27
8740,330202,1250,24
8741,22756,1375,26
8742,809001,1500,26
8743,861867,1500,24
8744,989172,2291,36
8745,723223,1541,29
8746,862284,4458,74
8747,289363,1333,24
8748,963759,1500,29
8749,580558,1667,27
8750,536108,1625,29
8751,583348,1375,25
8752,598389,1542,27
8753,970901,1250,21
8754,599379,1333,25
8755,162231,1584,26
8756,98868,2500,42
8757,39570,3333,58
8758,482733,1333,26
8759,372933,4000,47
8760,163691,1542,24
8761,145132,1250,26
8762,277861,3667,57
8763,384915,1333,25
8764,932840,1584,32
8765,610435,1292,22
8766,261994,1583,34
8767,244313,1333,26
8768,268692,1417,30
8769,850473,1375,21
8770,314890,2458,46
8771,96370,1584,33
8772,598200,3125,53
8773,419219,2167,39
8774,596708,3583,56
8775,962469,1750,25
8776,228000,1583,31
8777,769934,1542,31
8778,80952,1333,27
8779,758730,1583,33
8780,340465,1542,26
8781,831421,1584,27
8782,505973,1292,27
8783,181302,1291,20
8784,511995,1334,27
8785,865815,1292,26
8786,942696,1541,29
8787,723093,3708,58
8788,736990,2459,46
8789,604224,2500,44
8790,859325,2166,37
8791,951746,1334,26
8792,99997,1375,25
8793,624146,1500,27
8794,673453,1292,29
8795,314986,1334,29
8796,39187,1625,32
8797,766289,3583,56
8798,847608,1542,29
8799,604278,1292,26
8800,400081,2209,38
8801,82290,1375,26
8802,818018,1333,23
8803,58640,1583,34
8804,966653,2167,39
8805,808349,1333,27
8806,350633,1375,28
8807,364832,1583,28
8808,922530,2417,42
8809,856836,1292,25
8810,455402,1292,29
8811,436755,1250,29
8812,975434,1292,25
8813,909987,1292,26
8814,126396,1375,28
8815,912038,1541,28
8816,807813,1209,28
8817,237731,1416,29
8818,783998,1625,30
8819,684489,1416,28
8820,890743,1250,22
8821,631560,1291,21
8822,973764,1500,23
8823,11990,1416,29
8824,664679,1292,24
8825,815183,1542,25
8826,662904,3292,54
8827,401067,1334,27
8828,56758,1541,28
8829,319589,1334,26
8830,549856,1208,24
8831,43183,1417,26
8832,566158,1333,28
8833,592355,2166,42
8834,156847,2209,39
8835,342708,1375,29
8836,526807,1292,25
8837,731664,1250,25
8838,231523,1333,24
8839,160640,1334,22
8840,52974,1583,34
8841,706358,1333,24
8842,767116,1292,25
8843,411968,1500,24
8844,467263,1333,26
8845,789411,1334,23
8846,624042,1458,29
8847,603199,1458,29
8848,529248,1417,25
8849,232874,1584,32
8850,452918,1375,29
8851,303860,1500,31
8852,824567,1583,31
8853,413478,1250,26
8854,155203,1333,23
8855,138611,2292,43
8856,352498,1500,35
8857,86555,1459,32
8858,498970,1541,34
8859,599199,1291,22
8860,781520,2166,36
8861,51707,1292,26
8862,574780,2167,39
8863,418583,1250,18
8864,275312,1541,28
8865,89212,1500,33
8866,417886,1209,22
8867,526200,1583,29
8868,455597,1542,31
8869,811415,1334,21
8870,731771,1458,27
8871,136709,1292,26
8872,799050,1292,25
8873,141423,1334,26
8874,504284,1292,27
8875,586465,1334,23
8876,207732,1666,34
8877,511560,1333,25
8878,414522,1334,23
8879,683933,1291,20
8880,599084,1291,26
8881,205626,6750,94
8882,588427,1375,24
8883,645920,1708,28
8884,771404,1291,20
8885,549714,1250,22
8886,258208,1583,30
8887,254086,1417,26
8888,75125,2292,44
8889,279191,1209,26
8890,814505,1416,28
8891,450957,4291,70
8892,339122,1250,25
8893,718000,1333,29
8894,969030,1417,30
8895,603999,1458,27
8896,93947,1375,33
8897,117997,1333,27
8898,704379,1459,30
8899,433673,1417,31
8900,444115,2041,42
8901,383011,1958,38
8902,365228,1167,23
8903,199743,1291,27
8904,336319,3291,58
8905,361261,1166,27
8906,622726,2333,40
8907,687248,2083,40
8908,25383,1209,28
8909,807070,1208,25
8910,319626,1417,28
8911,177478,2042,40
8912,366705,2208,41
8913,646155,3041,57
8914,861494,2041,36
8915,841793,1916,35
8916,463691,1375,30
8917,653454,1208,25
8918,152902,2042,41
8919,461860,1500,28
8920,47058,1458,28
8921,969108,1625,27
8922,857916,1416,23
8923,244832,1542,32
8924,209386,1459,29
8925,718652,1375,26
8926,391980,1333,22
8927,163569,1459,27
8928,794542,1625,29
8929,763874,1541,31
8930,894189,1375,25
8931,89983,1417,27
8932,117831,2500,43
8933,775508,1334,23
8934,57188,2375,49
8935,254855,1458,27
8936,995037,1333,22
8937,651169,1583,31
8938,971747,3167,49
8939,154851,1334,23
8940,910953,1333,26
8941,872882,1333,23
8942,859973,1375,24
8943,301660,6083,67
8944,14401,1667,28
8945,359947,1583,27
8946,727498,2541,48
8947,843350,1375,26
8948,116684,1292,25
8949,319940,2250,38
8950,471924,1541,28
8951,494079,2458,40
8952,23854,1542,34
8953,347998,2209,39
8954,219163,1500,30
8955,775960,2459,41
8956,564140,1667,31
8957,222168,1292,27
8958,213702,2208,43
8959,572968,3250,52
8960,548685,2291,39
8961,786805,1666,32
8962,271223,1375,27
8963,575459,1333,25
8964,506490,1375,21
8965,653307,1416,25
8966,765381,1750,27
8967,148214,2458,43
8968,728835,1292,23
8969,732698,1375,26
8970,700723,1250,26
8971,19282,3291,58
8972,394901,1584,32
8973,611325,1334,25
8974,950053,1541,30
8975,695760,1625,27
8976,552389,1333,25
8977,45595,1709,31
8978,267866,1375,28
8979,178594,1583,32
8980,63030,1333,30
8981,297810,2292,41
8982,210446,2375,44
8983,827525,1334,28
8984,730362,2541,44
8985,647984,1334,24
8986,284460,2167,37
8987,55664,3291,58
8988,487547,1500,27
8989,686564,1416,29
8990,991090,1375,20
8991,8740,2541,46
8992,69833,1375,28
8993,407524,2125,38
8994,692452,1416,25
8995,284490,1291,28
8996,695187,1583,31
8997,893474,1417,23
8998,957213,1584,27
8999,692166,1417,25
9000,377718,2333,36
9001,906266,2291,40
9002,113133,2208,38
9003,20006,1416,25
9004,306704,1583,30
9005,909546,1292,27
9006,926315,2542,43
9007,680957,1417,29
9008,405299,1250,26
9009,242398,2166,43
9010,399195,1583,34
9011,533244,2500,47
9012,744163,1375,28
9013,104443,3625,58
9014,947779,1541,28
9015,330780,2125,37
9016,508206,1500,22
9017,908878,1333,27
9018,626112,1625,27
9019,557382,2250,42
9020,92297,1375,27
9021,195473,1291,24
9022,208536,1584,31
9023,524971,2583,45
9024,480234,2459,44
9025,587924,1541,33
9026,971349,1583,27
9027,747079,1292,25
9028,22533,1584,30
9029,41684,1417,28
9030,259410,1375,27
9031,967071,1333,24
9032,555133,1541,30
9033,319740,1333,23
9034,349774,1583,32
9035,513732,1375,24
9036,412510,3291,55
9037,780551,1584,28
9038,164632,2167,42
9039,19265,1291,29
9040,363626,1500,25
9041,717553,2542,43
9042,369008,3209,54
9043,372641,1250,28
9044,655603,1667,31
9045,317013,1375,25
9046,247679,2208,34
9047,525601,1417,27
9048,289280,1542,32
9049,851332,2292,42
9050,65022,2250,42
9051,656191,1375,28
9052,270197,1291,25
9053,921360,1458,25
9054,405978,1334,26
9055,933655,1500,25
9056,854442,2416,42
9057,30898,1625,33
9058,990000,1292,23
9059,581897,1708,28
9060,995221,3209,32
9061,293805,1375,25
9062,159078,2166,41
9063,358389,1333,28
9064,940757,1333,27
9065,411930,2500,43
9066,688843,1583,23
9067,143929,3209,54
9068,92060,1541,33
9069,765345,1666,29
9070,400774,1458,33
9071,546013,1625,29
9072,710930,3375,49
9073,642199,1333,28
9074,915094,1250,19
9075,655911,1667,34
9076,719872,2500,46
9077,238476,1625,30
9078,437606,1291,26
9079,252037,2333,40
9080,600728,2875,23
9081,160170,1292,22
9082,447181,1291,25
9083,327558,1375,22
9084,953927,1333,23
9085,634776,2541,49
9086,345281,1458,28
9087,470989,2125,38
9088,568574,3333,50
9089,138174,1542,35
9090,216801,1292,23
9091,684168,1583,34
9092,145309,1458,29
9093,609255,1292,24
9094,567651,1250,25
9095,717277,1458,28
9096,838971,1292,27
9097,212138,1500,29
9098,904489,1250,20
9099,144819,1584,30
9100,324009,2208,42
9101,721979,1250,27
9102,739390,1500,32
9103,942296,1458,27
9104,549250,1250,25
9105,953746,2500,45
9106,141823,1500,26
9107,450956,1333,25
9108,953158,1250,24
9109,807456,3375,51
9110,152204,1333,24
9111,688109,1417,26
9112,978353,2500,39
9113,592283,1416,28
9114,961662,1250,20
9115,165726,1250,23
9116,332919,3500,55
9117,71109,1333,24
9118,584414,1375,26
9119,558851,1416,28
9120,994681,1541,24
9121,754389,1666,30
9122,124139,1375,30
9123,193080,1250,23
9124,333026,1291,27
9125,880304,1500,28
9126,922368,1333,25
9127,152592,1417,27
9128,762399,3709,58
9129,30916,2417,42
9130,802617,1625,27
9131,334169,1625,31
9132,922886,1333,28
9133,434153,3542,57
9134,431229,1542,34
9135,318084,1541,25
9136,464524,1541,25
9137,781829,1375,21
9138,979128,1208,19
9139,861614,1334,24
9140,937564,2167,36
9141,667783,1416,28
9142,978584,1208,21
9143,774206,1542,29
9144,287097,1625,27
9145,159339,1416,24
9146,816954,2166,37
9147,197063,4292,65
9148,111958,1625,28
9149,137936,4875,75
9150,193721,3250,54
9151,27471,1208,21
9152,799485,1209,22
9153,641710,1625,35
9154,646916,1208,25
9155,279826,1500,32
9156,635023,1250,29
9157,594588,2042,35
9158,642109,1375,32
9159,242129,1334,29
9160,625330,3292,53
9161,243462,1167,22
9162,242130,1834,37
9163,720768,1458,31
9164,27352,1167,24
9165,376713,1417,33
9166,83337,5000,83
9167,721569,1375,27
9168,817708,2083,38
9169,499754,1250,26
9170,140601,1125,22
9171,526726,1541,32
9172,887241,1208,25
9173,634087,1167,27
9174,491535,1209,24
9175,746607,2250,44
9176,681122,1417,31
9177,392125,1167,26
9178,192914,1375,33
9179,893523,7334,88
9180,406282,1500,28
9181,515319,1292,24
9182,496865,2209,36
9183,144193,1291,22
9184,171743,1417,26
9185,202648,1458,28
9186,237265,2375,42
9187,33796,1375,26
9188,428437,1625,31
9189,801678,1375,25
9190,15744,1583,30
9191,970390,2250,35
9192,282968,1375,26
9193,996355,1291,22
9194,433109,1666,35
9195,233366,1291,23
9196,778428,1666,31
9197,703951,2416,41
9198,212687,1333,26
9199,794587,4334,64
9200,214499,1291,25
9201,69349,1625,34
9202,185680,3625,56
9203,972139,2416,36
9204,460624,2500,43
9205,909251,1375,25
9206,647034,1375,26
9207,513743,4333,63
9208,721277,2583,42
9209,340678,1458,22
9210,908880,2125,39
9211,479771,3459,52
9212,930703,2250,38
9213,258772,2542,44
9214,448325,1708,29
9215,424534,2334,41
9216,813921,2417,40
9217,43859,1416,28
9218,637461,1375,26
9219,771052,1416,27
9220,864372,1375,25
9221,398852,2625,48
9222,755186,1500,28
9223,328097,1333,23
9224,413297,1334,27
9225,641210,2458,48
9226,984759,1375,24
9227,778534,1458,28
9228,599717,1666,28
9229,622651,1333,24
9230,562204,4667,64
9231,550745,2292,38
9232,672551,1375,24
9233,918326,1458,23
9234,738316,1584,26
9235,825146,1750,33
9236,40383,1417,30
9237,545941,3375,53
9238,114627,1375,23
9239,473547,1417,26
9240,479095,1416,26
9241,867183,1458,25
9242,920406,1417,25
9243,44477,2500,45
9244,920419,1416,28
9245,257658,1583,30
9246,543900,1584,33
9247,563997,1666,31
9248,414829,1291,27
9249,770882,2166,41
9250,41159,1416,26
9251,584792,1416,25
9252,406217,2458,46
9253,541199,1417,25
9254,802329,2167,42
9255,661283,1375,26
9256,51691,1584,31
9257,199073,1333,24
9258,305324,2250,38
9259,460906,1375,25
9260,417376,1542,29
9261,927359,2166,39
9262,319349,2458,43
9263,811260,1584,29
9264,867824,1542,26
9265,299804,1333,26
9266,483758,1625,26
9267,174574,4417,62
9268,442984,1458,28
9269,308722,2042,42
9270,642918,2209,43
9271,963676,1542,30
9272,57197,1375,28
9273,723469,1333,24
9274,542082,8916,38
9275,947573,2292,41
9276,149150,1417,23
9277,486098,1625,28
9278,870207,2250,41
9279,677487,1416,27
9280,473640,1333,26
9281,94835,1584,32
9282,757751,4833,71
9283,524978,1416,23
9284,118670,1291,27
9285,188504,1458,26
9286,816559,1334,24
9287,613887,1416,23
9288,983400,1500,25
9289,937771,2208,37
9290,729929,1708,33
9291,572950,1375,25
9292,141880,2166,34
9293,412161,1416,30
9294,433649,1708,35
9295,339174,1500,26
9296,472789,1625,29
9297,26123,1375,27
9298,187568,3708,45
9299,475719,1625,29
9300,618991,1584,28
9301,940172,4208,59
9302,747252,1500,26
9303,939310,1209,25
9304,211742,1583,28
9305,925420,1292,24
9306,476770,1500,32
9307,94561,1500,32
9308,262231,1542,32
9309,339818,2375,34
9310,725319,2541,47
9311,680082,1416,27
9312,951229,1542,32
9313,746031,1417,26
9314,835177,1708,27
9315,171961,1292,26
9316,753271,1667,33
9317,768882,2208,37
9318,129546,1583,26
9319,95621,3459,56
9320,119711,1291,26
9321,740533,3458,51
9322,471229,1417,27
9323,664874,1375,20
9324,380574,1541,29
9325,89451,1708,29
9326,549263,1625,28
9327,741636,1250,22
9328,402745,1375,28
9329,762183,1541,26
9330,829494,1625,30
9331,536522,1584,30
9332,641805,1416,27
9333,995890,1375,21
9334,167667,2416,44
9335,397074,1416,27
9336,577080,1458,27
9337,399096,1375,30
9338,46039,2666,42
9339,805580,1375,26
9340,179186,1250,29
9341,956567,2542,45
9342,351476,2125,36
9343,592961,1375,26
9344,913630,2333,34
9345,691568,1666,27
9346,904578,2125,38
9347,157381,1250,25
9348,170000,1541,30
9349,911023,1541,27
9350,151632,2375,46
9351,187556,1333,30
9352,806520,1459,23
9353,746636,1417,21
9354,53803,1375,27
9355,439964,1458,28
9356,323027,1583,25
9357,324554,1334,26
9358,765631,1583,27
9359,805968,1375,27
9360,467936,1333,23
9361,302809,1709,30
9362,656884,1500,27
9363,189474,2250,44
9364,123265,1584,29
9365,942190,1583,29
9366,137963,1292,26
9367,212706,2542,43
9368,3705,1500,31
9369,652802,1292,25
9370,802576,1333,24
9371,265407,1375,27
9372,12801,1250,25
9373,480922,1458,27
9374,521801,1625,28
9375,896964,2291,40
9376,522865,1291,23
9377,569903,1583,28
9378,846678,1417,25
9379,6030,2083,38
9380,637518,1583,29
9381,925582,1542,26
9382,517438,1291,24
9383,249434,1333,28
9384,227409,3750,45
9385,617467,1625,26
9386,691506,1667,28
9387,498821,3875,52
9388,475780,1583,26
9389,430075,11125,65
9390,463340,1542,27
9391,83263,1542,28
9392,630422,2083,33
9393,629253,1417,24
9394,6893,7791,33
9395,256601,3791,61
9396,925021,4334,63
9397,573930,1625,33
9398,291623,2208,36
9399,649872,2125,38
9400,659173,1250,24
9401,584633,1458,26
9402,859960,1500,29
9403,865340,1541,28
9404,217724,1250,25
9405,51296,2375,44
9406,193819,1167,26
9407,155458,2333,46
9408,57739,1291,27
9409,685011,1458,33
9410,365974,1375,28
9411,38505,1417,36
9412,152437,1166,23
9413,895305,2166,41
9414,34008,1250,26
9415,699397,1208,22
9416,606175,1333,27
9417,878722,1542,31
9418,632591,1125,29
9419,312939,4666,60
9420,347196,2125,42
9421,965094,1958,35
9422,91963,1209,28
9423,51414,1292,29
9424,114177,1250,24
9425,437212,1417,30
9426,186907,1459,29
9427,169173,2000,43
9428,704738,1500,33
9429,298195,1250,26
9430,640775,3208,56
9431,693030,1375,30
9432,725105,1250,27
9433,733843,1458,27
9434,623871,2000,39
9435,600082,2000,41
9436,825552,1375,34
9437,589486,1500,28
9438,186038,1208,26
9439,477457,2000,40
9440,785735,2041,37
9441,607091,1250,26
9442,377686,1292,24
9443,976728,1166,21
9444,37582,1291,32
9445,97650,1375,27
9446,805844,2291,36
9447,313834,2125,43
9448,338504,1583,30
9449,386474,1584,31
9450,941129,1625,27
9451,397347,3583,53
9452,860110,1583,26
9453,70954,1375,29
9454,795285,1334,24
9455,448082,2291,39
9456,884275,1333,21
9457,577211,1584,28
9458,68080,1333,22
9459,307058,2250,39
9460,493688,1417,26
9461,141082,1375,26
9462,127951,1541,30
9463,728362,1375,27
9464,901155,1375,27
9465,287749,1333,22
9466,345201,1625,34
9467,552655,1416,28
9468,433857,2375,41
9469,550132,1416,25
9470,220039,1541,29
9471,729631,1333,24
9472,219206,3167,52
9473,641785,1583,31
9474,61011,1333,28
9475,114612,2250,37
9476,599122,1666,29
9477,765176,2166,40
9478,659532,1500,26
9479,554641,1583,34
9480,91929,1667,33
9481,507158,1292,23
9482,759247,2250,38
9483,722107,1708,28
9484,634156,1875,27
9485,979257,1666,25
9486,826472,3167,41
9487,741140,1750,24
9488,301138,1833,27
9489,447799,1792,28
9490,638420,2291,38
9491,888981,1625,26
9492,331863,1542,31
9493,272274,1291,24
9494,550913,1625,25
9495,603081,1375,24
9496,653519,1500,30
9497,371043,1417,23
9498,972141,1208,18
9499,136015,1333,28
9500,644130,2333,42
9501,589965,1417,24
9502,520510,2334,42
9503,544952,2416,40
9504,764606,1375,26
9505,662551,1334,27
9506,521920,2291,41
9507,516429,1334,29
9508,847229,1375,28
9509,188647,1667,33
9510,926589,1250,20
9511,639009,1375,24
9512,244027,1333,28
9513,743008,1375,23
9514,304599,1583,29
9515,202958,1542,33
9516,1658,1459,27
9517,123950,1417,28
9518,25152,2250,42
9519,487468,1625,29
9520,655844,3625,54
9521,835435,2375,37
9522,123655,2458,48
9523,773292,1459,26
9524,889266,1458,24
9525,217403,3959,42
9526,838404,1458,23
9527,645198,1542,30
9528,434774,1333,24
9529,434154,1333,29
9530,47703,2208,39
9531,350007,1416,27
9532,366635,1625,27
9533,587639,2250,40
9534,845198,1583,28
9535,668471,1375,26
9536,222653,1583,34
9537,11847,1333,26
9538,671737,3292,54
9539,210961,1333,28
9540,723536,1375,24
9541,295308,1333,24
9542,266777,1375,25
9543,828581,1375,29
9544,71132,3708,55
9545,322723,2166,38
9546,314871,1375,26
9547,531303,2833,22
9548,576711,1625,32
9549,339659,1291,21
9550,804292,1416,26
9551,6430,1375,29
9552,119367,1333,22
9553,719151,1584,27
9554,349473,1625,33
9555,357944,1584,35
9556,415288,1583,29
9557,759585,1334,24
9558,596558,1375,27
9559,645916,2541,40
9560,30532,1666,33
9561,872461,1625,32
9562,184161,1291,26
9563,346570,1584,34
9564,874330,1416,25
9565,354353,2250,44
9566,967081,1375,23
9567,705140,1584,30
9568,502382,1291,22
9569,960667,1291,20
9570,497550,1291,26
9571,835982,2333,43
9572,37286,1459,28
9573,677016,1375,27
9574,142349,1375,26
9575,504885,1666,27
9576,162935,2125,38
9577,657668,1500,29
9578,482993,1625,30
9579,935391,1583,29
9580,907254,3250,55
9581,563052,1667,29
9582,939450,1500,27
9583,351388,1333,26
9584,484936,2125,41
9585,822073,1375,26
9586,853716,1667,31
9587,434062,1375,26
9588,972859,1250,22
9589,778657,1458,27
9590,58744,1667,33
9591,875672,2292,37
9592,546385,1459,24
9593,313885,1291,28
9594,592386,2541,44
9595,760181,2208,43
9596,711142,1334,24
9597,330829,1208,27
9598,582146,2250,40
9599,561917,1459,29
9600,19628,2125,38
9601,218380,1291,29
9602,605446,1708,25
9603,718792,4417,63
9604,347833,1417,28
9605,838374,3375,51
9606,960692,2542,37
9607,931167,1375,24
9608,834439,1458,27
9609,370772,1584,31
9610,69430,1583,33
9611,156558,1375,26
9612,294084,1416,25
9613,881579,1333,26
9614,32688,1584,33
9615,355628,1500,25
9616,393469,1667,31
9617,656945,1583,30
9618,560227,1500,33
9619,883327,1500,24
9620,174032,1291,30
9621,598718,1583,30
9622,635112,1583,31
9623,408490,1541,33
9624,196482,1375,26
9625,624104,1333,21
9626,122521,1625,30
9627,906593,1333,27
9628,820348,1542,30
9629,788048,2500,44
9630,323257,1375,28
9631,739526,1625,30
9632,899489,1458,26
9633,329777,2458,41
9634,744322,2500,42
9635,33165,1625,27
9636,284686,1791,31
9637,433974,1625,32
9638,91015,1334,28
9639,521200,1458,26
9640,919653,3375,53
9641,249186,1666,34
9642,389634,1625,28
9643,473859,2250,39
9644,869750,2125,40
9645,996910,1208,21
9646,317330,1625,28
9647,226640,1459,29
9648,550608,1666,28
9649,317004,3500,46
9650,183515,2500,42
9651,117684,1333,23
9652,392394,1416,30
9653,823074,2542,46
9654,39212,2459,46
9655,815573,1417,21
9656,211916,1333,28
9657,957721,1542,28
9658,97103,1584,32
9659,465331,1333,22
9660,530574,1584,31
9661,26147,1416,27
9662,837839,1375,25
9663,506110,1500,26
9664,948915,1250,23
9665,524345,1625,27
9666,161563,2250,40
9667,199452,1583,35
9668,356638,1375,28
9669,968504,1291,21
9670,506958,1291,24
9671,768021,2458,42
9672,916329,1334,23
9673,549064,1667,31
9674,325435,1333,24
9675,813206,3042,50
9676,343239,1459,28
9677,150256,1167,27
9678,806860,1208,24
9679,914148,1209,26
9680,103025,2000,37
9681,862075,1417,24
9682,983590,1834,32
9683,541219,1500,29
9684,709590,1459,30
9685,139165,1417,32
9686,215155,1417,28
9687,759768,1292,26
9688,38329,1167,31
9689,481683,1458,27
9690,406416,3417,60
9691,748345,1458,24
9692,906820,1333,26
9693,547719,1209,23
9694,121463,1250,27
9695,4310,1416,33
9696,326088,1250,27
9697,977627,1375,27
9698,46169,1208,28
9699,720427,1250,23
9700,889323,1375,27
9701,623156,1375,25
9702,914228,1417,29
9703,91306,3292,59
9704,349480,2333,47
9705,489555,1500,32
9706,932379,1250,23
9707,48382,1292,29
9708,108112,1166,26
9709,545866,1333,28
9710,803399,1584,33
9711,690996,1708,32
9712,781771,1375,24
9713,327660,1375,28
9714,23573,1375,28
9715,605616,1417,27
9716,795339,1375,25
9717,327306,1625,28
9718,669884,1375,26
9719,935472,2250,34
9720,220040,1334,28
9721,336468,1292,22
9722,210298,2375,27
9723,201899,2417,46
9724,300488,1375,26
9725,290089,1583,28
9726,558132,1375,23
9727,334653,1250,22
9728,810327,1500,25
9729,462544,3417,50
9730,703725,1416,28
9731,123366,1625,35
9732,285899,1209,26
9733,156575,1542,30
9734,165147,1417,25
9735,286930,2167,37
9736,120021,1250,26
9737,15998,2167,43
9738,653206,2208,40
9739,586811,5500,75
9740,539032,1541,29
9741,107349,1667,33
9742,216613,1584,33
9743,568883,1375,26
9744,367336,1292,26
9745,576052,2208,38
9746,333956,1417,25
9747,284219,2542,48
9748,148434,1291,22
9749,989099,1334,20
9750,738569,1542,31
9751,843059,1417,28
9752,297028,1250,25
9753,601970,1250,21
9754,256718,1375,24
9755,179595,2209,40
9756,74704,1625,28
9757,326504,1542,27
9758,643053,1292,24
9759,935585,1250,23
9760,355194,1625,34
9761,566837,1375,28
9762,465199,1334,26
9763,53191,3333,54
9764,136393,1667,33
9765,30402,2500,48
9766,493603,1334,22
9767,947171,1500,29
9768,708309,1417,23
9769,52907,1500,34
9770,111073,4833,57
9771,402234,1542,29
9772,56414,1375,26
9773,90303,1708,29
9774,447182,2542,44
9775,410955,1542,30
9776,187678,1500,29
9777,738909,2208,38
9778,625079,1333,21
9779,934571,1625,28
9780,621550,1375,27
9781,660048,1375,26
9782,876793,1500,27
9783,723649,1625,29
9784,733338,3458,49
9785,467494,1333,27
9786,646254,1333,27
9787,372900,1625,31
9788,327618,1666,26
9789,348476,1334,24
9790,857151,1250,26
9791,207773,2291,40
9792,747529,1541,23
9793,795243,2291,41
9794,703459,1333,24
9795,848613,1416,27
9796,559400,1333,26
9797,82362,1709,27
9798,967610,1375,23
9799,792454,1583,26
9800,801562,1292,23
9801,488317,1542,30
9802,595371,1292,21
9803,138198,1541,28
9804,97430,2208,39
9805,852337,1375,27
9806,841326,1292,26
9807,964364,1334,25
9808,732535,2166,35
9809,491023,1209,23
9810,101988,1625,33
9811,477715,1292,21
9812,325470,1291,25
9813,717728,1334,23
9814,675722,1375,26
9815,744716,1375,25
9816,803727,2584,42
9817,488004,1500,31
9818,493404,3333,53
9819,242949,1333,24
9820,993472,1250,22
9821,234666,1333,24
9822,150704,3250,50
9823,902925,1334,26
9824,939211,2083,37
9825,646911,1541,29
9826,270588,2208,40
9827,957205,1333,25
9828,381105,1541,28
9829,411123,1666,34
9830,192260,1375,27
9831,733600,1416,24
9832,961822,3666,50
9833,697493,1459,27
9834,346374,5750,84
9835,827095,1375,22
9836,902606,1208,22
9837,925268,1292,23
9838,340537,1500,26
9839,475302,1459,27
9840,511188,2625,45
9841,31735,1417,28
9842,68541,1334,27
9843,498425,1333,27
9844,118371,1292,27
9845,368513,1667,33
9846,501904,1292,26
9847,483647,1625,28
9848,886851,1459,25
9849,179099,1541,27
9850,295969,1500,31
9851,805246,1417,28
9852,365550,2625,47
9853,633802,1625,34
9854,602594,1416,22
9855,133583,1292,26
9856,532624,1375,29
9857,107933,1500,32
9858,425393,1291,22
9859,857267,3708,57
9860,748970,1375,30
9861,835462,1417,26
9862,112179,1459,29
9863,341700,1291,28
9864,583166,1583,32
9865,681000,1625,33
9866,74370,4791,74
9867,830925,1625,28
9868,316794,1542,32
9869,558625,1292,27
9870,483368,2458,45
9871,420287,1250,25
9872,619222,2167,38
9873,433526,2458,49
9874,250165,2292,38
9875,651035,1542,32
9876,255529,1250,25
9877,574567,1292,26
9878,166745,1625,34
9879,505807,2458,42
9880,402461,2416,47
9881,69269,3416,40
9882,357265,1708,33
9883,218354,1500,34
9884,853453,2417,47
9885,727775,1416,26
9886,619678,1416,25
9887,452092,3541,43
9888,822413,1416,26
9889,456502,2250,36
9890,594765,1375,25
9891,825572,1584,33
9892,358824,1625,34
9893,570978,1333,27
9894,727852,1541,29
9895,247626,1334,23
9896,181494,1333,25
9897,694800,3417,51
9898,702132,1417,26
9899,81679,3375,54
9900,775283,1458,27
9901,976081,3333,46
9902,746491,3250,50
9903,602081,1542,28
9904,877395,1417,24
9905,510269,3375,54
9906,119877,2125,37
9907,620929,2291,42
9908,625031,1583,26
9909,485395,1417,28
9910,341184,1542,34
9911,582052,1375,26
9912,102398,1583,34
9913,861954,1584,25
9914,466844,1375,24
9915,184732,1291,26
9916,322999,1250,24
9917,425506,1541,25
9918,72989,2291,41
9919,627321,1375,25
9920,114028,1333,25
9921,718808,1334,27
9922,853611,1416,25
9923,625377,1250,21
9924,808813,1583,32
9925,859692,2167,35
9926,397317,1375,25
9927,343313,1416,30
9928,518307,1625,30
9929,676321,1375,25
9930,692233,1625,27
9931,64469,1666,31
9932,94931,2291,42
9933,228183,1417,26
9934,856722,1375,26
9935,145665,1291,25
9936,930362,1292,27
9937,608980,2500,46
9938,947133,2500,43
9939,791663,2125,39
9940,667034,2250,39
9941,849179,1333,28
9942,194,3834,56
9943,793854,1500,31
9944,153853,1541,31
9945,692985,2458,45
9946,156465,1542,28
9947,474979,3375,55
9948,557063,1375,28
9949,305664,1417,24
9950,408927,2459,49
9951,645475,1333,27
9952,606006,1458,28
9953,468882,1625,27
9954,205172,1333,28
9955,215652,1542,27
9956,714623,1667,30
9957,920048,1333,24
9958,331977,1500,31
9959,314296,1375,29
9960,597979,2291,43
9961,832933,2208,43
9962,957565,1625,25
9963,712570,1208,26
9964,319344,1375,24
9965,963119,4541,66
9966,989157,1500,23
9967,982177,3333,47
9968,455845,1667,27
9969,752659,2375,43
9970,959571,1500,26
9971,360988,1375,25
9972,611034,1417,25
9973,8514,1416,27
9974,641195,1375,26
9975,535219,1666,34
9976,423832,1417,26
9977,888812,2583,42
9978,133752,1583,28
9979,893917,1666,32
9980,308475,1708,26
9981,65443,7250,28
9982,387159,2333,41
9983,944847,1375,25
9984,575548,1458,21
9985,55709,1459,30
9986,885,1333,26
9987,737521,1458,26
9988,587235,1375,30
9989,860623,1333,23
9990,376696,2625,46
9991,115028,1291,26
9992,903084,1583,28
9993,295918,2375,41
9994,907731,1375,25
9995,32700,2166,38
9996,246669,1250,24
9997,452687,1416,29
9998,736334,1791,32
9999,618832,1708,29
